Rank,Name,Ranked2021,Ranked2020,Country,Sector,CAGR,Revenue2020,Revenue2017,Employees2020,Employees2017,FoundingYear
1,Swappie,No,No,Finland,Technology,477.43,97611814,507000,218,1,2016
2,Kilo Health,No,No,Lithuania,Health,450.05,57318766,344428,177,10,2013
3,OCI,No,No,UK,Financial Services,409.59,568322073,4325512,32,4,2012
4,OnlyFans,No,No,UK,Technology,393.63,316732986,2652185,800,4,2016
5,Enpal,No,No,Germany,Energy,386.88,56109613,486165,365,9,2017
6,MR Consulting,No,No,Germany,Waste management & recycling,343.52,13165586,150908,9,2,2017
7,Thriva,No,No,UK,Health,321.66,18732563,251668,57,12,2015
8,Exotec,No,No,France,Industrial Goods,306.86,47597000,706700,200,15,2015
9,Winelivery,No,No,Italy,Ecommerce,303.73,7337290,111500,10,1,2015
10,Instabox,No,No,Sweden,Technology,299.73,24484879,392055,117,5,2015
11,Waterdrop,No,No,Austria,Food & Beverage,292.74,41205930,680197,180,12,2016
12,One Lease,No,No,France,Support Services,289.09,9015211,153046,11,2,2016
13,Datlas*,No,No,Italy,Technology,287.39,9034926,155406,251,13,2017
14,Zego,No,No,UK,Fintech,276.63,12158046,229201,224,36,2016
15,HCL-Logistics,No,No,Germany,Transport,262.97,11387156,238118,24,5,2017
16,Popsa,No,No,UK,Technology,262.15,21455864,454975,34,4,2016
17,Unit8,No,No,Switzerland,Technology,255.1,7234981,149397,41,2,2017
18,Luoto Company,No,No,Finland,Technology,253.14,14338668,325585,49,6,2016
19,Journi Print,No,No,Austria,Ecommerce,249.41,6851839,160624,29,9,2014
20,Portify,No,No,France,Support Services,248.11,11583215,274575,228,23,2017
21,Tibber,No,No,Norway,Energy,247.71,30886935,782918,45,8,2015
22,Rascal Industry,No,No,Poland,Fashion,245.65,9008822,238451,18,6,2013
23,Pegaso Security,No,No,Italy,Support Services,243.23,8375180,207120,509,20,2017
24,Tide,No,No,UK,Fintech,239.17,16136633,416562,581,72,2016
25,Euro Top Brand,No,No,Italy,Retail,236.96,13888900,363010,1,1,2017
26,Bold Security Group,No,No,UK,Support Services,225.75,6238378,181772,26,6,2011
27,Play Magnus Group,No,No,Norway,Games industry,213.04,6461790,214673,140,10,2013
28,Blue Whale Growth Fund,No,No,UK,Financial Services,212.69,5189391,170950,7,1,2016
29,Kazidomi,No,No,Belgium,Ecommerce,212.45,8042499,263663,65,3,2016
30,Sun Finance,Yes,No,Latvia,Fintech,210.7,121306296,4044537,800,90,2012
31,Credimi,No,No,Italy,Financial Services,209.33,11301520,381830,56,21,2015
32,SIRPLUS,No,No,Germany,Retail,208.23,4540000,155043,133,8,2017
33,AIHR | Academy to Innovate HR,No,No,The Netherlands,Education,205.53,3584553,125682,31,6,2016
34,Logistics Capital Partners (LCP),No,No,Luxembourg,Property,205.25,210563743,7403458,27,9,2015
35,Südwest Invest,No,No,Germany,Property,202.24,5820402,210820,10,2,2017
36,CORADE (Plurimmo),No,No,France,Property,201.7,56018731,2039961,7,7,2000
37,Carranco,No,No,Spain,Food & Beverage,199.6,4176440,155310,5,4,2006
38,Telemedi,No,No,Poland,Health,198.98,4452513,182100,50,10,2014
39,Inkitt,No,No,Germany,Technology,195.49,5926970,229713,56,22,2014
40,H.K.Trading,No,No,Italy,Retail,193.9,5721590,225380,2,1,2016
41,Attest,No,No,UK,Technology,193.34,4864178,194090,124,16,2015
42,LGM IMMOBILIER,No,No,France,Property,193.05,2549778,101311,11,10,2016
43,Wolfram Chain*,No,No,The Netherlands,Management Consulting,189.02,2431371,100711,29,7,2017
44,RightNow,No,No,Germany,Technology,186.72,8951132,379771,38,3,2017
45,EO Charging,Yes,No,UK,Technology,183.64,17158962,757323,63,7,2014
46,CheTariffa.it,No,No,Italy,Support Services,182.93,2495860,110200,9,2,2013
47,Simply,No,No,UK,Financial Services,181.52,16483836,744092,90,26,2017
48,Salary Finance,No,No,UK,Fintech,181.5,8593220,387995,187,24,2015
49,DBT,No,No,Sweden,Fintech,179.79,3837994,179204,10,2,2017
50,Tutlo,No,No,Poland,Education,179.69,7778203,388565,140,15,2016
51,Ponera,No,No,France,Ecommerce,179.45,25901607,1186853,27,4,2013
52,Active Energy Solutions,No,No,Greece,Energy,175.01,13312033,640056,2,0,2014
53,ACTEAM ENR,No,No,France,Energy,174.43,2133691,103240,8,2,2012
54,Everflow,Yes,No,UK,Technology,172.73,64223085,3188715,70,8,2015
55,Azure Prism,No,No,UK,Retail,171.87,4752777,238216,1,1,2016
56,WR Logistics,No,No,Germany,Transport,171.11,11662200,585280,7,2,2017
57,iProov,No,No,UK,Technology,170.95,7435887,376519,61,14,2011
58,Spin Up,No,No,Italy,Advertising,169.89,4009330,203950,5,1,2017
59,BeGreat,No,No,Germany,Retail,167.01,5141555,270090,16,4,2012
60,Tsunami Nutrition*,No,No,Italy,Ecommerce,166,6945000,369000,17,2,2017
61,Matt Sleeps,No,No,The Netherlands,Interiors,163.5,9789240,535070,6,2,2016
62,Tessian,No,No,UK,Technology,162.21,15365580,858482,138,28,2013
63,Solarisbank,No,No,Germany,Financial Services,161.62,35938000,2007000,369,98,2016
64,M2DG (MyFlexoffice),No,No,France,Support Services,160.45,6630617,375323,21,2,2016
65,Eukon,No,No,Italy,Health,160.35,6393680,362320,11,2,2004
66,Evolution Adv,No,No,Italy,Advertising,160.07,14175780,805870,13,3,2016
67,Making Science,Yes,Yes,Spain,Technology,159.33,57670541,3306795,274,47,2001
68,Everli,Yes,Yes,Italy,Ecommerce,159.01,109248030,6287460,207,45,2014
69,AppFollow,No,No,Finland,Technology,158.37,2210636,128176,73,12,2014
70,Synerise,No,No,Poland,Technology,157.82,3999023,255062,190,40,2013
71,ChaiKola,No,No,Poland,Food & Beverage,157.37,5158786,330763,8,4,2010
72,Scolution,No,No,Germany,Technology,157.04,1825546,107492,12,4,2015
73,JL&P,No,No,France,Energy,156.47,2212606,131164,15,3,2017
74,eFarma.com,No,No,Italy,Pharmaceuticals,156.11,20150800,1199580,50,8,2017
75,Elvie,Yes,Yes,UK,Technology,155.16,40813930,2474341,138,22,2013
76,Farmarelax,No,No,Italy,Personal & Household Goods,154.43,4459170,270750,5,1,2010
77,Omnisend,Yes,No,UK,Technology,151.71,11761268,742746,99,20,2008
78,World Trade Group,No,No,Italy,Fashion,149.82,4897950,314150,5,1,2017
79,BESTEAM Conseil,No,No,France,Technology,149.54,3871782,249176,32,2,2016
80,Motorway,No,No,UK,Automobiles,147.76,4838407,320411,96,5,2016
81,ISO Public Services,No,No,Germany,Technology,146.03,10019903,672821,26,0,2014
82,Octopus Energy,Yes,No,UK,Energy,144.89,2120071949,145398192,918,106,2015
83,CyberIAM*,No,No,UK,Cyber Security,144.8,5639335,387161,82,8,2017
84,Cbweed*,No,No,Italy,Personal & Household Goods,142.64,3500000,245000,17,2,2017
85,Catraport,No,No,Portugal,Automobiles,141.39,7294549,518613,46,18,2015
86,OUIHELP,No,No,France,Support Services,141.29,3686617,262421,106,13,2016
87,Inpay,Yes,No,Denmark,Fintech,140.93,23803000,1702000,67,33,2013
88,M.G.I. Meccaniche Generali Irpine,No,No,Italy,Industrial Goods,140.07,2610700,188680,10,4,2017
89,Glencar Construction,Yes,No,UK,Construction,139.27,107860442,7930094,80,7,2016
90,Qmee,Yes,No,UK,Technology,139.17,12571314,925527,23,9,2010
91,MyAppFree,No,No,Italy,Advertising,138.97,5764870,422420,10,1,2015
92,Investa Dienstleistungen,No,No,Germany,Support Services,138.85,2176136,159707,55,8,2014
93,Polarium Energy Solutions,Yes,No,Sweden,Batteries,138.52,74065413,5581858,58,19,2014
94,Baroni Home,No,No,Italy,Ecommerce,138.36,1531358,113072,5,4,2016
95,Dayshape,No,No,UK,Technology,138.19,3320479,247465,45,6,2013
96,Marketers Company,No,No,Italy,Advertising,138.11,1880460,139300,8,3,2016
97,Easo Magno,No,No,Spain,Beauty,137.67,3061854,228076,5,2,2017
98,Greyfood,No,No,Germany,Retail,137.6,9187050,684874,10,1,2016
99,Misfits Health,No,No,UK,Food & Beverage,137.18,2266155,171057,9,3,2016
100,MeilleursBiens.com,No,No,France,Property,136.67,3864176,291481,5,1,2010
101,Fasanara Capital,No,No,UK,Financial Services,136.11,11527860,882099,36,5,2011
102,NtechLab,No,No,Cyprus,Technology,136.02,8730000,664000,122,44,2015
103,Babylino Sensitive,No,No,Italy,Personal & Household Goods,135.82,2851840,217460,5,2,2016
104,Fastned,Yes,No,The Netherlands,Technology,135.03,6890000,530667,54,24,2012
105,Oxray,No,No,Portugal,Health,133.86,5465756,427339,6,2,2009
106,ZEGA Invest,No,No,Germany,Property,132.91,3785340,299598,4,3,2017
107,Abylon Consulting,No,No,Hungary,Technology,132.47,1721315,159128,7,2,2016
108,Milrab,No,No,Norway,Ecommerce,132.16,79302201,6753191,77,20,2005
109,Urbantz,No,No,Belgium,Technology,132.12,3031099,242368,55,7,2015
110,Tricas Construction,No,No,UK,Construction,131.97,15880745,1281462,32,6,2017
111,Florence One,No,No,Italy,Technology,131.28,1629099,131691,10,6,2017
112,Ergotopia,No,No,Germany,Retail,131.19,7664825,620283,35,8,2014
113,Mcule.com Kft.,Yes,No,Hungary,Chemicals & Pharmaceuticals,131.03,2683264,252713,17,5,2011
114,Filo,No,No,Italy,Technology,130.96,10049610,815690,18,9,2014
115,Homepal,No,No,Italy,Property,130.9,1603990,130290,11,4,2014
116,Staffbase,No,No,Germany,Technology,130.32,26894501,2201178,310,55,2014
117,ILON MATERIEL,No,No,France,Construction,129.69,2512300,207327,4,2,2016
118,Bio-marine,No,No,Ireland,Personal & Household Goods,129.63,1612837,133200,25,7,2014
119,ISODECO,No,No,France,Construction,129.18,2906133,241411,18,2,2016
120,Treedom,No,No,Italy,Support Services,128.81,6709720,560150,42,18,2010
121,Fenstermaxx24,No,No,Germany,Retail,128.15,8466121,712855,20,3,2016
122,Pohl & Söhne Gerüstbau,No,No,Germany,Construction,127.34,2124763,180824,31,7,2017
123,YSO CORP,No,No,France,Media,127.25,6689503,570012,13,3,2013
124,Gyada Cosmetics,No,No,Italy,Beauty,127.18,1830610,156130,10,2,2017
125,Privitar,Yes,No,UK,Technology,126.93,9923965,855321,190,47,2014
126,Delineate,No,No,UK,Technology,126.7,3332661,288095,25,1,2015
127,Spyrosoft,Yes,No,Poland,Technology,126.48,24721755,2326082,563,75,2016
128,Bio Energy Solutions,No,No,Slovakia,Waste management & recycling,126.19,16006537,1383205,37,6,2014
129,Increso,No,No,Italy,Management Consulting,125.68,3230000,281000,51,2,2015
130,LSG - Logistic & Service Group,No,No,Italy,Transport,125.15,8873180,777410,46,1,2016
131,Energihem,No,No,Sweden,Construction,124.63,28004684,2527006,125,19,2015
132,Amity,No,No,UK,Technology,123.72,5743440,522712,164,48,2012
133,Goyago,No,No,Germany,Retail,122.74,3729920,337525,43,4,2014
134,LA REGIE DE PORTAGE SALARIAL,No,No,France,Support Services,122.61,7638731,692440,140,23,2016
135,Dall Energy,Yes,Yes,Denmark,Energy,121.81,6013000,551000,15,5,2007
136,Appinio,No,No,Germany,Technology,121.61,3597000,330500,44,5,2014
137,Pinsami,No,No,Italy,Food & Beverage,120.71,4892000,455000,33,14,2015
138,AER TRADING,No,No,France,Retail,120.35,17575388,1643572,1,1,2013
139,VALUMEN,No,No,France,Support Services,120.26,2196424,205554,4,1,2014
140,Follow,No,No,France,Advertising,119.95,6844818,643299,14,4,2016
141,Darpdecade,No,No,Germany,Retail,119.27,6624660,628384,173,4,2016
142,Bolt,Yes,Yes,Estonia,Technology,118.93,221393889,21098843,1798,399,2013
143,Kiteworldshop.com,No,No,Italy,Ecommerce,118.38,1671984,160539,5,2,2014
144,Peter Kenkel,No,Yes,Germany,Retail,118.2,22137000,2131000,19,10,2006
145,Templafy,Yes,No,Denmark,Technology,118.11,15486451,1521010,292,32,2014
146,Comservice,No,No,Italy,Support Services,117.94,2016300,194780,99,17,2014
147,Falcor Presse,No,No,Italy,Industrial Goods,117.38,2996770,291720,5,1,2017
148,RoomRaccoon,No,No,The Netherlands,Technology,117.38,1715334,167000,40,8,2017
149,Signaturit,Yes,Yes,Spain,Technology,116.95,5639953,552355,95,37,2013
150,Modulr,No,No,UK,Fintech,116.5,12789098,1269382,191,31,2015
151,PROFISHOP,No,No,Germany,Ecommerce,116.11,43812068,4340517,63,17,2012
152,Floer,No,No,The Netherlands,Interiors,116.02,2520013,249975,15,2,2015
153,Audiosalus,No,No,Italy,Retail,115.74,1569480,156300,12,4,2011
154,StatsBomb,No,No,UK,Technology,115.29,2027170,204620,26,2,2016
155,Theras Biocare,Yes,No,Italy,Pharmaceuticals,114.64,26633230,2693390,8,2,2013
156,Stenn,No,No,UK,Fintech,114.5,29615571,3058141,61,32,2016
157,Nanushka,Yes,Yes,Hungary,Fashion,114.33,20825934,2456563,180,30,2012
158,DPM - Deutsches Personal Management,Yes,No,Germany,Support Services,114.18,2267760,230800,60,10,2016
159,Monese,No,No,UK,Fintech,114,18196451,1870109,243,84,2013
160,Arquimea,Yes,No,Spain,Technology,113.05,72044361,7450099,288,40,2005
161,Groupe PERSPECTIVE,No,No,France,Education,112.98,2709000,280390,18,4,2013
162,Funnel,Yes,No,Sweden,Technology,112.98,11499031,1217338,155,37,2014
163,Living Quarter,No,No,Germany,Health,111.62,5016731,529371,49,5,2015
164,Svea Solar,No,No,Sweden,Energy,111.23,66146911,7177912,287,38,2013
165,Bevcraft Group,No,No,Ireland,Food & Beverage,111.21,4046859,429505,16,6,2016
166,Learning Technologies Group,Yes,No,UK,Technology,110.61,19446429,2096570,932,767,2013
167,Cura Farma,No,No,Italy,Health,109.96,4436220,479290,9,2,2014
168,Kamado Bono,No,No,Lithuania,Personal & Household Goods,109.88,6801734,735758,7,2,2013
169,SIPADAN,No,No,Spain,Management Consulting,109.83,3457203,374200,47,3,2007
170,Dateio,No,No,Czech Republic,Fintech,108.95,4710733,530785,45,18,2013
171,CREST Investment,Yes,No,Germany,Property,108.86,4857817,533144,16,4,2016
172,Componenti Digitali,No,No,Italy,Retail,108.67,2805850,308810,19,2,2017
173,IMMO-KONZEPTE,No,No,Germany,Property,107.81,2269276,252871,6,3,2006
174,SwipBox,No,No,Denmark,Technology,107.4,9391760,1052796,41,3,2014
175,Nextory,No,No,Sweden,Media,107.29,26534087,3046667,85,9,2015
176,ITDS Polska,Yes,No,Poland,Technology,107.23,8609941,1057443,176,32,2016
177,Savait,No,No,Italy,Ecommerce,107.07,2108040,237410,5,4,2015
178,Adpone,Yes,No,Spain,Advertising,106.94,11124512,1255372,18,3,2015
179,Nord Security,No,No,Lithuania,Cyber Security,106.85,156623915,18035029,1000,350,2012
180,Mews,Yes,No,The Netherlands,Technology,106.81,22386000,2531000,226,25,2012
181,Titulae,No,No,Spain,Education,106.75,4870863,551128,35,9,2015
182,systeme.io,No,No,Ireland,Ecommerce,106.48,2407982,273552,40,5,2016
183,EODH SA,No,No,Greece,Aerospace & Defence,105.35,2597612,299988,30,20,2003
184,Multix solutions,Yes,No,Italy,Health,105.23,11586460,1340430,5,2,2015
185,B2DIGIT,No,No,France,Technology,105.19,1978128,228982,12,2,2016
186,A Million Ads,No,No,UK,Advertising,105.03,4882837,570564,47,5,2015
187,WoodWatch,Yes,No,The Netherlands,Retail,104.76,5590390,651170,25,5,2013
188,Fenêtres du Doubs,No,No,France,Construction,104.36,2238347,262280,12,3,2010
189,Koesea,No,No,Germany,Construction,104.08,3400000,400000,65,3,2016
190,Podium Advanced Technologies,Yes,Yes,Italy,Automobiles,103.68,18025740,2133310,38,14,2011
191,SPEGRA,No,No,Croatia,Construction,103.61,17059791,2025879,166,109,2010
192,GPAINNOVA,Yes,Yes,Spain,Industrial Goods,103.25,15245617,1815680,117,18,2013
193,Soluzione Tasse,No,No,Italy,Management Consulting,102.97,18939430,2264940,23,4,2016
194,Velocultour,No,No,Germany,Retail,102.58,2458500,295731,15,2,2016
195,butorpiac.hu,No,No,Hungary,Ecommerce,102.55,2184336,305268,7,2,2011
196,Success Solutions,No,No,Czech Republic,Technology,102.26,2633664,327218,44,8,2016
197,Bug Bite Thing Europe,No,No,Denmark,Health,101.84,1577878,191679,1,1,1989
198,Dexatel,Yes,Yes,Estonia,Technology,101.78,11087980,1349733,24,4,2015
199,Gemco,No,No,Italy,Construction,101.54,3941900,481510,6,1,2015
200,Lyonnaise de Construction et Renovation,No,No,France,Construction,101.44,6640842,812371,30,10,2015
201,Gousto,Yes,Yes,UK,Food & Beverage,101.13,210945370,26112757,702,204,2012
202,Winter in Venice,No,No,UK,Beauty,100.89,12682062,1575522,6,4,2010
203,Infratech Bau,Yes,Yes,Germany,Construction,100.83,60067088,7415334,72,18,2007
204,4Streets Building Innovation Tunnels Bridges Roads,No,No,Italy,Construction,100.74,6739630,833230,46,3,2016
205,Landbay,Yes,Yes,UK,Fintech,100.68,8980496,1119178,95,31,2013
206,Degoo,No,No,Sweden,Technology,100.67,1973775,249818,18,3,2012
207,Franco Fresco,Yes,Yes,Germany,Food & Beverage,100.64,50723858,6280267,320,52,2016
208,Lendable,No,No,UK,Fintech,100.63,40305193,5026349,84,25,2014
209,Ulrich Müller Wealth Academy,No,No,Germany,Education,99.88,3516744,440369,6,2,2014
210,cerascreen,Yes,Yes,Germany,Health,99.87,10499782,1315000,84,19,2012
211,Eqinov,Yes,No,France,Energy,99.71,70183744,8811708,43,24,2011
212,Serre Famiglia Pederiva Viticoltori dal 1958,No,No,Italy,Food & Beverage,99.59,9022020,1134730,12,7,1996
213,Bloom & Wild,No,No,UK,Ecommerce,99.43,155595726,19757296,170,68,2013
214,Bräutigam,No,No,Germany,Automobiles,99.43,6315124,796207,29,9,2016
215,Newil & Bau,Yes,No,Finland,Construction,99.42,19420672,2448858,7,1,2006
216,ID Finance,Yes,Yes,Spain,Fintech,98.97,103634000,13157000,411,271,2015
217,Kry,No,No,Sweden,Health,98.61,77764611,10152222,600,74,2014
218,Sixth Sense,Yes,No,Italy,Technology,98.54,3916570,500440,25,4,2015
219,Nethive,Yes,No,Italy,Cyber Security,98.46,3960770,506730,19,7,2014
220,Latitude Investment Management,No,No,UK,Financial Services,98.34,1750466,225964,8,3,2016
221,Qred,Yes,Yes,Sweden,Fintech,98.29,30414122,3989355,68,10,2015
222,oculavis,No,No,Germany,Technology,98.16,3924472,504357,55,15,2016
223,The Information Lab,No,No,Italy,Technology,97.97,4253110,548180,30,5,2015
224,MD Sonnenschutztechnik,No,No,Germany,Construction,97.92,4068621,524750,10,6,2015
225,Syntio,No,No,Croatia,Technology,97.79,2127532,274966,43,7,2017
226,Bomae,No,No,Denmark,Financial Services,97.76,1662487,214713,13,3,2016
227,Gophr,No,No,UK,Technology,97.07,5738336,755191,18,6,2014
228,Memory PC,Yes,No,Germany,Retail,96.85,57375000,7522000,110,20,2012
229,Sollis Solargroßhandel,No,No,Germany,Retail,96.77,11860100,1556607,6,2,2017
230,Spotawheel,Yes,No,Greece,Automobiles,96.62,15646588,2058315,123,37,2015
231,Ooni Pizza Ovens,Yes,Yes,UK,Personal & Household Goods,96.28,63879414,8508398,83,18,2012
232,Robovox Distributions,No,No,Germany,Retail,96.26,19427000,2570000,35,10,2015
233,CentralNic Group,No,No,UK,Technology,96.18,197260279,26626422,650,92,2000
234,Bernd Andert Transporte,No,No,Germany,Transport,95.88,4105262,546226,83,16,2003
235,Bluewater Bio,No,No,UK,Technology,95.84,20201424,2708983,18,16,2007
236,Tecma Solutions,Yes,Yes,Italy,Technology,95.8,7319870,975140,107,25,2012
237,Delante,Yes,No,Poland,Sales & Marketing,95.39,2160094,316525,48,21,2015
238,intumind,Yes,No,Germany,Health,95,6560962,884885,15,8,2015
239,Saljol,No,No,Germany,Health,94.93,4146403,559778,15,10,2016
240,TKD Solutions,No,No,Germany,Telecoms,94.82,15874245,2146950,20,9,2014
241,Kuori,No,No,Finland,Technology,94.5,2501902,340000,15,5,2016
242,Ferroamp,Yes,No,Sweden,Energy,94.5,7645003,1062649,42,21,2010
243,Valor Real Estate Partners,No,No,UK,Financial Services,94.4,4534588,621636,23,6,2016
244,Anexiti,No,No,France,Technology,94.26,2565735,350019,14,2,2013
245,GENIUS,No,No,France,Support Services,94.12,2417902,330522,23,6,2017
246,Instilla,Yes,No,Italy,Advertising,93.91,2993310,410520,31,3,2015
247,FOOTDISTRICT,Yes,Yes,Spain,Ecommerce,93.85,14942262,2051133,60,12,2012
248,Spiideo,Yes,No,Sweden,Technology,93.76,4799358,674805,36,12,2012
249,ContractPodAi,No,No,UK,Technology,93.72,4875622,670685,118,14,2012
250,Tarhan Bauausführungen,No,No,Germany,Construction,93.62,1851000,255000,15,5,2017
251,Matillion,No,No,UK,Technology,93.49,24580709,3417815,218,44,2010
252,Extra Mile Live Service,No,No,Germany,Retail,93.42,2637501,364485,5,2,2017
253,LITTLEBIG CONNECTION,No,Yes,France,Support Services,92.43,111538883,15653388,173,17,2013
254,SPC General Service,Yes,No,Italy,Construction,92.3,6788660,954700,50,15,2011
255,jobandtalent,Yes,Yes,Spain,Technology,92.03,352879165,49833511,801,156,2008
256,Financial House,No,No,UK,Fintech,92.03,18766625,2669247,20,14,2016
257,MyLead,No,No,Poland,Sales & Marketing,92.02,2004501,309471,42,8,2013
258,Mia-Platform,Yes,Yes,Italy,Technology,91.78,6515510,923730,74,15,2016
259,Tecnimed,No,No,Italy,Health,91.74,9551790,1354980,32,20,1976
260,Longevity Partners,No,No,UK,Retail,91.42,2336243,335460,22,5,2015
261,NexumStp,Yes,Yes,Italy,Management Consulting,91.42,25667400,3659630,345,56,2015
262,G-ON,No,No,France,Support Services,91.12,1810459,259342,16,3,2016
263,Picnic,No,No,UK,Advertising,90.45,1508869,219999,10,3,2016
264,Egomnia,No,No,Italy,Technology,90.1,1901140,276750,36,2,2012
265,LoyaltyLion,No,No,UK,Technology,90.09,4483296,657382,40,10,2012
266,reMarkable,No,No,Norway,Technology,89.59,115793390,18106514,142,22,2016
267,Kubrick,Yes,No,UK,Management Consulting,89.46,32614354,4829922,673,119,2016
268,Contrader,Yes,No,Italy,Technology,89.44,4682960,688860,35,7,2012
269,SAMONT,Yes,No,Germany,Industrial Goods,89.41,19577339,2880891,89,39,2008
270,Sirive,No,No,Italy,Construction,89.33,4527690,667170,5,1,2017
271,Multienergia Verde,No,No,Spain,Energy,89.15,146453604,21640253,15,10,2014
272,Wielandts UPMT,No,No,Belgium,Technology,89.06,1529270,226295,6,1,2013
273,ASKET,No,No,Sweden,Fashion,88.81,6525278,991534,13,4,2015
274,Central Warehouse Solution,No,No,Czech Republic,Transport,88.44,1788545,274790,45,10,2015
275,Chef in Camicia,No,No,Italy,Advertising,88.2,2071960,310810,21,2,2015
276,Piper Homes,No,No,UK,Construction,88.17,30436232,4601266,28,9,2015
277,Alturas Cubiertas Y Fachadas,No,No,Spain,Construction,87.96,9375243,1411811,33,12,2014
278,Autosalon Uhingen,No,No,Germany,Automobiles,87.95,10540000,1587500,11,2,2015
279,Yumi Beauty,No,No,France,Chemicals & Pharmaceuticals,87.73,2678257,404819,5,1,2013
280,FOR ME LAB,No,No,France,Ecommerce,87.21,1652073,251795,7,2,2016
281,Stockholms Elbolag,No,No,Sweden,Energy,87.16,32265912,5033032,25,7,2015
282,Flohr,No,No,Germany,Waste management & recycling,87.15,21249638,3241629,84,21,1999
283,Agricodem,No,No,Italy,Agricultural Commodities,87.03,2856530,436610,4,1,2008
284,DACH Schutzbekleidung,No,No,Germany,Industrial Goods,86.82,45227730,6936038,80,14,2005
285,EM-Tec Energiemontagen,No,No,Germany,Construction,86.75,3002729,461000,16,7,2017
286,Wave Studio,No,No,Romania,Technology,86.63,4105688,656172,9,8,2014
287,bazzar,No,No,Croatia,Retail,86.45,6686617,1034093,17,3,2013
288,Cybersprint,Yes,No,The Netherlands,Cyber Security,86.44,2914738,449771,43,10,2015
289,Brandon Group,Yes,No,Italy,Ecommerce,86.3,32039000,4954590,34,19,2012
290,Feiniko Handelsgesellschaft,Yes,Yes,Germany,Retail,86.24,32168909,4979484,13,1,2014
291,PharmaGrin,No,No,Italy,Health,85.59,2701410,422610,21,2,2015
292,Life M,No,No,Czech Republic,Technology,85.57,2001844,322050,3,1,2016
293,Plásticos Dão / Sacos & Saquetas,No,No,Portugal,Industrial Goods,85.53,1946703,304833,16,5,2012
294,Logipal24,Yes,No,Germany,Transport,84.65,4967568,789058,70,19,2010
295,PastBook,Yes,Yes,The Netherlands,Technology,84.47,33651532,5361088,22,23,2012
296,Bluefin,Yes,No,UK,Ecommerce,84.45,28993287,4653721,21,6,2013
297,Milk & Honey PR,No,No,UK,Sales & Marketing,84.3,1528900,245974,18,4,2016
298,Prodeval,No,No,France,Energy,84.23,73514217,11756712,220,70,1990
299,Virta,Yes,Yes,Finland,Technology,84.18,11029402,1765457,110,23,2013
300,BizAway,Yes,No,Italy,Travel & Leisure,84.1,1989950,318940,28,4,2015
301,Karl & Léon,No,No,France,Retail,83.77,2391019,385266,6,2,2015
302,Identity,No,No,UK,Management Consulting,83.45,22885804,3733539,80,39,2001
303,BlackBelt Holding,No,No,Hungary,Technology,83.41,5695000,923000,55,4,2016
304,DYNVEO,No,No,France,Retail,83.31,3687780,598678,13,1,2010
305,Favi,No,No,Czech Republic,Ecommerce,83.26,24995030,4174549,29,7,2016
306,Hopkins,No,No,Finland,Sales & Marketing,83.16,4534346,737936,27,4,2016
307,AP Italian Luxury,Yes,No,Italy,Fashion,83.06,4283930,698300,7,3,2016
308,Novicap,Yes,Yes,UK,Fintech,83.03,3383802,551848,45,20,2015
309,IGLM Store,No,No,Italy,Ecommerce,82.7,7790420,1277410,5,1,2013
310,LUIS Technology,No,No,Germany,Technology,82.51,10000511,1644899,41,8,1999
311,Quantexa,Yes,No,UK,Fintech,82.22,33902755,5643295,275,55,2016
312,Enerbrain,No,No,Italy,Energy,81.99,4131370,685370,37,9,2014
313,Brinckmann,No,No,Germany,Construction,81.93,6037461,1002579,28,7,2013
314,LMG Building,Yes,No,Italy,Construction,81.67,6255970,1043440,12,6,1982
315,Nordic Unmanned,Yes,No,Norway,Aerospace & Defence,81.55,6305237,1122907,33,12,2013
316,Hemisphere,No,No,France,Property,81.09,6484822,1091925,6,2,2017
317,therapiezentrum.com NW,No,No,Germany,Health,80.87,2916337,492860,87,23,2017
318,Beauhurst,No,No,UK,Technology,80.54,5355215,916511,82,39,2010
319,C.U.N. Cargo Carriers,No,No,Romania,Transport,80.52,7103702,1207613,49,43,2017
320,MG Project,Yes,No,Italy,Telecoms,80.48,8208450,1396400,34,23,2016
321,BONMEA,Yes,No,Germany,Retail,80.44,14597418,2484783,6,3,2015
322,Oceanis Yachts,No,No,Italy,Travel & Leisure,80.38,3059130,521250,6,2,2007
323,OPUS DB,No,No,France,Construction,80.31,12171118,2076139,8,2,2016
324,Devensys Cybersecurity,No,No,France,Technology,80.3,3403055,580644,27,9,2013
325,Project Agora,No,No,Cyprus,Advertising,80.26,19798875,3380420,104,25,2016
326,BETTERTRUST,No,No,Germany,Advertising,80.05,4981938,853561,19,5,2012
327,Banale,No,No,Italy,Ecommerce,79.96,2051370,352000,10,3,2014
328,Maatwerk Online,No,No,The Netherlands,Sales & Marketing,79.78,1673382,287985,17,5,2013
329,Les constructeurs du bois,No,No,France,Property,79.67,5087783,877275,6,1,2011
330,Esserre Pharma,No,No,Italy,Pharmaceuticals,79.61,2556640,441260,10,6,2013
331,OnBuy.com,No,No,UK,Ecommerce,79.55,2720319,473344,18,8,2014
332,Gojob,Yes,No,France,Support Services,79.53,40546000,7007000,108,27,2015
333,Newroom,No,No,Germany,Retail,79.09,3669217,638739,10,6,2016
334,Christmas the Original,No,No,Italy,Retail,79.09,1994200,347190,9,3,2016
335,Dimaxbau,No,No,Germany,Construction,78.96,2003989,349641,16,5,2016
336,Comnovis IT,No,No,Germany,Technology,78.8,1900000,332372,9,2,2013
337,Die Direktkontakter,No,No,Germany,Support Services,78.8,2818000,493000,8,4,2016
338,Mega Trasporti,Yes,No,Italy,Transport,78.67,18168170,3185180,400,30,2010
339,LeHibou,Yes,No,France,Technology,78.65,13816792,2423113,40,9,2014
340,Stufe A Pellet Italia,Yes,No,Italy,Interiors,78.61,3598050,631500,13,3,2014
341,Aquis Exchange,Yes,Yes,UK,Financial Services,78.6,12824155,2267165,46,31,2012
342,Chattermill,Yes,No,UK,Technology,78.51,2306045,408336,50,8,2015
343,SchönerTel,No,No,Germany,Construction,78.44,16388546,2884392,45,10,2016
344,Global Work,Yes,Yes,Italy,Telecoms,78.42,3174000,558820,57,8,2011
345,allygatr,No,No,Germany,Support Services,78.2,1914500,338300,9,1,2012
346,Cru Wine,Yes,Yes,UK,Food & Beverage,78.19,9235946,1644134,14,3,2013
347,Abc Rent,Yes,No,Italy,Automobiles,77.85,21818000,3878370,8,5,2004
348,Superior Wellness,No,No,UK,Personal & Household Goods,77.7,54150622,9719653,57,20,2011
349,Schrott24,No,No,Austria,Waste management & recycling,77.67,14641523,2610679,12,3,2016
350,Mazzoni Etech,No,No,Italy,Industrial Goods,77.5,2344440,419240,14,3,2017
351,Berdugo Immobilier,No,No,France,Property,77.38,15049845,2696485,6,4,1996
352,Nova rent,No,No,Lithuania,Industrial Goods,77.18,8900000,1600000,37,9,2016
353,Rouvy,No,No,Czech Republic,Games industry,77.1,4058269,751071,38,13,2013
354,Business Analysis & Legal Expertise - B.A.L.E.,No,No,Italy,Management Consulting,76.78,2943020,532690,4,3,2015
355,JMB,No,No,Poland,Energy,76.75,70179000,12709000,381,172,2000
356,NOCNOC,No,No,France,Travel & Leisure,76.61,1596167,289766,13,2,2016
357,CrowdProperty,Yes,No,UK,Fintech,76.43,2941537,539486,33,5,2013
358,Tutos’Me,No,No,France,Education,76.28,4989872,910963,42,4,2015
359,Studio Eko’,No,No,Italy,Management Consulting,76.17,1740660,318370,10,4,2011
360,Beings,No,No,UK,Technology,75.92,1881768,348129,7,2,2010
361,dmrgroupltd.com,No,Yes,Poland,Chemicals & Pharmaceuticals,75.78,7050124,1418769,6,3,2013
362,Ice Telecommunications Ltd,No,No,UK,Telecoms,75.73,16067551,2982238,119,35,2014
363,Gallas Group,No,No,Italy,Support Services,75.62,4640710,856790,95,18,2012
364,Etracom,Yes,Yes,Italy,Ecommerce,75.4,22952660,4253600,10,4,2010
365,Xalient,No,No,UK,Technology,75.36,26199717,4893654,88,38,2015
366,Labevolution,No,No,Italy,Health,75.27,7264130,1349250,30,5,2009
367,Kuadra,Yes,No,Italy,Interiors,74.92,3400580,635400,20,9,2015
368,Kyo Electric,Yes,Yes,Spain,Telecoms,74.7,5402302,1013181,8,3,2014
369,SoPost,No,No,UK,Technology,74.57,7825138,1481398,32,13,2012
370,S.F.R.E.,No,No,Italy,Construction,74.55,3004290,564910,44,7,2016
371,Sportstech,Yes,Yes,Germany,Retail,74.45,108500233,20436426,262,60,2012
372,Opéra Energie,Yes,No,France,Energy,74.06,11218211,2127151,98,40,2014
373,RouteNote,No,No,UK,Technology,74.06,38428858,7339330,76,28,2010
374,Doctify,No,No,UK,Health,73.87,2409255,461671,40,26,2016
375,Fruugo,Yes,No,UK,Ecommerce,73.86,21793194,4176347,67,30,2008
376,Insidemarketing,No,No,Germany,Technology,73.44,2971846,569646,15,7,2012
377,Falzi,No,No,Italy,Waste management & recycling,73.29,2037320,391540,11,2,2013
378,Atrys Health,No,No,Spain,Health,73.27,31396438,6035116,504,62,2015
379,Il Cantiere Costruzioni,No,No,Italy,Construction,73.25,4297790,826430,4,1,2016
380,Soorce,Yes,Yes,Germany,Support Services,73.13,15639618,3013629,22,13,2004
381,Sortlist,No,No,Belgium,Technology,73.08,3396000,655000,85,26,2013
382,VirtusLab,Yes,Yes,Poland,Technology,72.93,12468548,2635420,234,90,2010
383,SkalHuset.se,No,No,Sweden,Ecommerce,72.83,7342811,1454711,16,5,2012
384,VIPINO,No,No,Germany,Retail,72.72,11067681,2148122,26,6,2013
385,GEA Service,No,No,Italy,Waste management & recycling,72.32,6673050,1304060,133,30,2015
386,Gellify,Yes,No,Italy,Technology,72.31,5581540,1090920,62,12,2016
387,Billion Dollar Boy,Yes,No,UK,Advertising,72.28,13085484,2577297,92,42,2014
388,Westrafo,No,No,Italy,Energy,71.75,22072700,4356500,58,19,2014
389,Goboony,No,No,The Netherlands,Travel & Leisure,71.56,1718442,340309,21,10,2015
390,Multiservice Ambrosiana,No,No,Italy,Support Services,71.47,4266770,846360,180,60,2016
391,b&c systems,No,No,Germany,Construction,71.35,5339538,1061327,65,16,2016
392,S&G Solar,No,Yes,Bulgaria,Energy,71.29,3980920,792093,10,31,2014
393,BITTNET,No,Yes,Romania,Management Consulting,71.24,22436395,4641712,120,40,2007
394,Ibanfirst,Yes,Yes,Belgium,Fintech,71.1,12062697,2408187,204,47,2013
395,UPLINK Network,Yes,Yes,Germany,Telecoms,70.98,28140196,5629906,46,20,2013
396,BASE ORGANIC FOOD,No,No,France,Agricultural Commodities,70.93,10802997,2163006,25,6,2015
397,CurrentBody,No,No,UK,Ecommerce,70.87,38002441,7671961,74,20,2009
398,Apex Aero,No,No,UK,Aerospace & Defence,70.85,3812785,770031,6,1,2016
399,Startup Development House,No,No,Poland,Technology,70.85,1514111,303615,59,25,2016
400,Gruppo Gheron,No,No,Italy,Health,70.79,58422800,11728040,806,8,2010
401,DyFlowing,No,No,Italy,Technology,70.65,1696320,341370,30,5,2016
402,Digital Masters,No,No,Germany,Advertising,70.6,3019110,608053,40,22,2016
403,Prusseit Auto-Outlet,No,No,Germany,Automobiles,70.37,2576602,520998,17,3,2017
404,Techouse,No,No,Norway,Energy,70.37,31852584,6863940,72,30,2002
405,SVS,No,No,Italy,Construction,70.22,9694310,1965560,8,3,2016
406,TelcoSwitch Group,No,No,UK,Telecoms,69.91,7519236,1543824,86,18,2017
407,BOTHE-REIMANN Tortechnik,No,No,Germany,Construction,69.91,2277791,464354,8,3,2017
408,e-Pol / Personalizzalo,No,No,Italy,Ecommerce,69.83,16089160,3284400,12,8,2012
409,Riluxa,No,No,Spain,Interiors,69.82,3428464,700007,18,3,2016
410,Modalis,No,No,France,Transport,69.8,19169652,3915724,8,6,2002
411,OLYMPP,No,No,France,Technology,69.71,5512134,1127652,27,8,2016
412,Zeck Fishing,Yes,Yes,Germany,Retail,69.35,6806664,1401463,25,4,2013
413,StorPool Storage,No,No,Bulgaria,Technology,69.29,3306191,681460,25,16,2011
414,Vimcar,No,No,Germany,Technology,69.09,14674011,3035269,164,72,2013
415,JOANNES DISTRIBUTION SAS,No,Yes,France,Retail,68.83,7064900,1468200,8,5,2011
416,Sourcing Force,No,No,France,Technology,68.78,12806965,2663699,30,8,2011
417,Schalttechnik Nord,No,No,Germany,Technology,68.7,12489032,2601157,60,16,2000
418,DGC,No,No,Germany,Cyber Security,68.57,1577296,329298,27,5,2015
419,Superprof,Yes,Yes,France,Education,68.2,10168214,2136626,202,28,2013
420,Improveasy,Yes,No,UK,Management Consulting,68.15,26446798,5602132,48,12,2011
421,Viaréno,No,No,France,Construction,68.13,6937737,1459655,30,8,2014
422,CMT,No,No,Slovakia,Waste management & recycling,67.95,1951232,411858,19,10,2013
423,Rets,No,No,Poland,Property,67.91,5206032,1201964,97,31,2014
424,MUBI,No,No,UK,Media,67.87,18356623,3954351,104,33,2007
425,Dynamicom Education,No,No,Italy,Education,67.86,9018160,1906790,27,3,2001
426,Touch4IT,No,No,Slovakia,Technology,67.69,2064141,437747,47,25,2015
427,TattaHome.com,No,No,Italy,Interiors,67.5,2800000,595800,8,4,1986
428,Speechmatics,Yes,Yes,UK,Technology,67.27,7161145,1541070,90,37,2006
429,Samy Road,Yes,Yes,Spain,Advertising,67.19,19458114,4163750,118,20,2012
430,Prometeo,No,No,Italy,Support Services,67.16,3580500,766510,9,6,2006
431,Dialectica,Yes,No,UK,Management Consulting,67.08,17078846,3688264,260,65,2015
432,Wolf & Badger,Yes,No,UK,Ecommerce,67.01,11604670,2508842,62,32,2009
433,Eco CO2,Yes,Yes,France,Support Services,66.93,9220216,1982251,94,28,2009
434,Lakógép Kft.,No,No,Hungary,Construction,66.9,25335854,6328462,20,3,2011
435,Beyer Betonwaren,No,No,Germany,Construction,66.9,2062749,443694,20,9,2017
436,Fill Up Média,Yes,Yes,France,Media,66.61,4999802,1081079,42,12,2011
437,Zara Imballaggi Fabriano,Yes,No,Italy,Industrial Goods,66.6,2297210,496790,6,4,1984
438,CD Projekt,No,No,Poland,Games industry,66.52,468257487,110835763,1177,744,1994
439,VPACE Bikes,No,No,Germany,Retail,66.46,2643580,573145,10,1,2015
440,Tooltester,Yes,No,Spain,Sales & Marketing,66.45,3646507,790712,6,0,2014
441,Bunker Partner,Yes,Yes,Estonia,Energy,66.45,101726265,22060642,7,2,2015
442,Tikamoon,No,No,France,Ecommerce,66.31,56122322,12200275,130,40,2006
443,S.T.A.R. Digital,No,No,Croatia,Advertising,66.31,3211868,699907,8,10,2013
444,Funding Options,Yes,No,UK,Fintech,66.26,5922043,1297717,62,29,2011
445,Isimed,No,No,Italy,Health,66.26,4828920,1050660,14,8,2014
446,"Sonar, SonarQube, SonarCloud, SonarLint",No,No,Switzerland,Technology,66.14,83632640,16861349,195,50,2008
447,Scherer,No,No,Germany,Support Services,66.11,4285766,934994,30,4,2016
448,Mycroclean Italia,No,No,Italy,Support Services,66,3366730,736000,24,14,2002
449,Piscor,No,No,Italy,Ecommerce,65.86,4842410,1061360,16,8,2015
450,Marwincar,Yes,No,Italy,Automobiles,65.85,5083140,1114200,3,1,2016
451,Brighton & Hove Albion Football Club,No,No,UK,Travel & Leisure,65.79,148505285,32824451,1038,288,1993
452,INPE Transport,No,No,Bulgaria,Transport,65.78,1816274,398676,60,5,2015
453,RTB House,Yes,Yes,Poland,Technology,65.76,191601076,45981552,773,266,2013
454,Obiz,Yes,Yes,France,Media,65.55,15377000,3389300,38,27,2010
455,VmWay,Yes,Yes,Italy,Technology,65.22,15901220,3525720,70,33,2012
456,Legimi,No,No,Poland,Media,65.21,7007093,1698358,12,8,2009
457,MSG Beauty,No,No,Germany,Retail,65.2,2910737,645633,11,5,2011
458,Leogra Trading,No,No,Germany,Retail,65.11,5078464,1128243,11,4,2014
459,Benefind,No,No,Italy,Technology,64.8,2262490,505520,32,10,2012
460,AB Oil & Gas Service,No,No,Italy,Support Services,64.74,2310000,516640,13,5,2017
461,Mailtrack,Yes,No,Spain,Technology,64.41,3445698,775341,23,14,2013
462,Bumper,Yes,No,UK,Fintech,64.25,3394214,771504,33,15,2013
463,OTL - Online Trainer,No,No,Germany,Health,64.21,6607564,1492190,46,22,2015
464,Macingo Technologies,No,No,Italy,Support Services,64.18,1601000,361790,17,9,2014
465,MYCS,No,No,Germany,Retail,63.92,39355846,8935361,210,120,2014
466,Audience Serv,No,No,Germany,Advertising,63.8,6107018,1389534,92,23,2008
467,Start,No,No,Italy,Telecoms,63.8,3769100,857590,8,4,2012
468,MvH Media,No,No,The Netherlands,Sales & Marketing,63.73,2391654,544943,29,8,2010
469,PURE GAMING,Yes,Yes,France,Ecommerce,63.65,6984956,1593667,2,1,2010
470,Parcel Compare,No,No,UK,Transport,63.55,9085936,2091995,8,4,1998
471,Ames Centro Polidiagnostico Strumentale,Yes,Yes,Italy,Health,63.54,40391360,9235130,81,71,1979
472,Arcadia Italia,No,No,Italy,Energy,63.52,3249140,743130,6,1,2016
473,Zia Lucia,Yes,No,UK,Restaurants,63.45,4853930,1119494,43,16,2016
474,Travaglini Costruzioni,No,No,Italy,Construction,63.05,4603740,1062010,37,16,1952
475,Versa Design Zycle,No,No,Spain,Technology,62.86,9501888,2199640,81,10,2008
476,MAUCHER CONSULT,No,No,Germany,Construction,62.84,1952000,452091,15,5,2016
477,Ayes,Yes,No,Italy,Technology,62.76,10827070,2510930,137,51,2015
478,BrandUp Group,Yes,No,Italy,Advertising,62.75,2718640,630660,5,1,2016
479,Opyn,No,No,Italy,Financial Services,62.58,4168220,969930,19,11,2012
480,VAR Capital,No,No,UK,Financial Services,62.57,2132001,499815,8,4,2014
481,StoryTerrace,No,No,UK,Technology,62.49,2843048,667467,25,9,2017
482,Blubit,No,No,Slovenia,Technology,62.48,2964852,691140,22,8,2009
483,ZEN’UP,No,No,France,Insurance,62.44,1891361,441271,9,9,2014
484,Lörcher Bauunternehmen,No,No,Germany,Construction,62.43,3932792,917735,25,17,2001
485,Barcode Architects,No,No,The Netherlands,Architecture,62.33,4851997,1134256,62,23,2010
486,TOP CHALEUR,No,No,France,Retail,62.17,7260096,1702165,27,9,2002
487,Seingim,Yes,Yes,Italy,Construction,62.12,13479380,3163540,160,52,1999
488,Amphibian Scaffolding,No,No,UK,Construction,62.08,4011415,948813,49,21,2008
489,Beliani,No,No,Liechtenstein,Ecommerce,62.06,93438770,20298288,551,205,2009
490,Hatstore,Yes,No,Sweden,Ecommerce,62.03,17453187,4195789,45,17,2011
491,Carpenteria Martino,No,No,Italy,Construction,62,9719750,2286000,27,19,2006
492,CapitalOnTap,Yes,Yes,UK,Fintech,61.98,82238372,19489369,147,61,2012
493,Netguru,No,No,Poland,Technology,61.89,34677235,8933769,637,199,2008
494,Fazio,No,No,Italy,Retail,61.65,3375810,799170,7,6,2014
495,Grillfürst,No,No,Germany,Retail,61.61,38599408,9145411,84,37,2010
496,Dealernet,No,No,Italy,Automobiles,61.46,22704300,5394020,18,14,2017
497,Alpha Real Estate,Yes,Yes,Germany,Property,61.33,119161137,28378990,57,14,2013
498,Appwise,No,No,Belgium,Technology,61.22,4546110,1084812,74,12,2013
499,Convert Group,Yes,No,Greece,Technology,61.18,2789489,666118,55,17,2014
500,Revolution Race,Yes,No,Sweden,Ecommerce,61.12,89332521,21841341,65,17,2013
501,GONG Galaxy,No,No,France,Retail,61.09,11320706,2708258,40,11,2009
502,GDR Costruzioni,No,No,Italy,Construction,61.09,1573480,376440,8,8,2011
503,Emporio Elettrico,No,No,Italy,Ecommerce,61.07,1979050,473640,4,1,2015
504,Exscientia AI,Yes,No,UK,Technology,61.04,10807048,2606296,87,15,2012
505,Featurespace,No,No,UK,Fintech,60.84,23501473,5688822,324,128,2005
506,XL ENERGIES,No,No,France,Energy,60.72,8358760,2013403,11,3,2016
507,Claveria,No,No,Spain,Support Services,60.64,4715363,1137450,43,20,2015
508,Timberagents,No,No,Germany,Retail,60.57,5302985,1280989,4,3,2010
509,fermeture econ’home,No,No,France,Construction,60.42,1862632,451196,30,2,2012
510,NRSE,No,No,Sweden,Management Consulting,60.05,3268813,815449,70,20,2014
511,SIMWERT,Yes,Yes,Germany,Telecoms,59.93,26386701,6450759,21,16,2011
512,Flex Legal,No,No,UK,Law,59.88,4319146,1064498,24,2,2015
513,Documaster,Yes,No,Norway,Technology,59.85,3328791,868552,41,15,2010
514,Immo-Team Allgäu,No,No,Germany,Construction,59.84,21974565,5381108,4,1,2014
515,creditshelf,Yes,No,Germany,Financial Services,59.74,4899200,1201900,57,17,2014
516,Blife,Yes,No,Italy,Food & Beverage,59.62,4133980,1016480,10,7,2016
517,Nohup,Yes,No,Italy,Technology,59.57,4785480,1177860,18,9,2004
518,Noctuai,Yes,No,Poland,Technology,59.56,2443117,657377,56,17,2012
519,Ares,Yes,Yes,Germany,Industrial Goods,59.5,14000000,3450000,96,47,2013
520,Moonpig Group,No,No,UK,Ecommerce,59.49,411390748,102139979,399,242,2000
521,Wealth Club,No,No,UK,Financial Services,59.38,6774867,1685348,22,15,2016
522,FACTORY,No,No,France,Property,59.3,12609000,3119000,25,4,2016
523,Beck Ingredients,No,No,Spain,Health,59.24,7532293,1865319,6,2,2016
524,Mentors & Partners Group,No,No,Hungary,Management Consulting,59.19,1822227,524552,3,3,2010
525,SB Supply,Yes,No,The Netherlands,Ecommerce,59.19,4363977,1081844,9,4,2011
526,Mediaboard,No,No,Czech Republic,Media,59.09,2243594,572798,24,8,2015
527,DW TRANS,Yes,Yes,France,Transport,59.06,9485173,2357096,80,20,2012
528,NACELEXPERT,No,No,France,Industrial Goods,58.94,2727392,679247,4,2,2006
529,keylight,No,No,Germany,Technology,58.93,3499555,871779,31,14,2015
530,Technacy,No,No,Italy,Technology,58.92,3059440,762200,13,3,2011
531,Genoskin,No,No,France,Chemicals & Pharmaceuticals,58.87,2810120,700823,25,12,2011
532,Payment Assist,Yes,Yes,UK,Fintech,58.41,5993895,1518678,21,12,2013
533,my Boo,No,No,Germany,Retail,58.4,4706000,1184000,65,14,2013
534,84codes.com,Yes,Yes,Sweden,Technology,58.4,12120207,3118698,25,11,2012
535,KLG LIQUIDA,No,No,Germany,Chemicals & Pharmaceuticals,58.38,5034595,1267224,20,6,2013
536,Ignimission,No,No,France,Technology,58.35,2280542,574323,35,8,2011
537,Adamant BioNRG,No,No,Italy,Energy,58.35,117997000,29718000,7,4,2013
538,Xplort,No,No,UK,Interiors,58.33,2252358,571513,5,2,2015
539,Bambridge Accountants,Yes,No,UK,Financial Services,58.3,3368822,855283,12,7,2010
540,G2Park,No,No,Slovakia,Property,58.2,2902148,732924,13,7,2016
541,Pelizzari Studio,No,No,Italy,Architecture,58.2,2625660,663100,5,2,2014
542,Postex,Yes,No,The Netherlands,Technology,57.86,5248908,1334213,9,4,2014
543,Consorzio Stabile Ambientemilia,Yes,Yes,Italy,Waste management & recycling,57.57,9752760,2492730,5,5,2013
544,Yocabe’,Yes,No,Italy,Ecommerce,57.53,3293860,842600,12,6,2016
545,Chez Nestor,Yes,Yes,France,Property,57.52,8559263,2189720,33,19,2012
546,Mint Italia,No,No,Italy,Transport,57.22,2415110,621500,9,2,2016
547,Sendcloud,Yes,Yes,The Netherlands,Ecommerce,57.2,81775452,21052232,233,27,2012
548,Datakey Software Engineering,No,No,Italy,Technology,57.16,1898000,488940,10,6,2008
549,Metaminds,Yes,Yes,Romania,Cyber Security,57.08,32103084,8605113,41,21,2015
550,Time Vision,No,No,Italy,Education,57.05,2793340,721090,29,11,2012
551,Werksräder24,Yes,Yes,Germany,Automobiles,57.03,14896000,3847000,36,16,2013
552,FOD Mobility Group,Yes,No,UK,Technology,56.98,13309945,3465675,70,35,2008
553,Selferg,No,No,Italy,Energy,56.78,2050130,531960,60,10,2007
554,Poppri Fashion Auctions,Yes,No,Lithuania,Ecommerce,56.7,13028856,3386414,94,45,2012
555,Vizion Network,Yes,No,UK,Automobiles,56.66,117817156,30862156,194,156,2008
556,Beyond Law Group*,No,No,UK,Law,56.61,8233616,2159010,66,27,2017
557,EDA Warehousing,No,No,Germany,Transport,56.6,4570000,1190000,14,13,2014
558,BPV,No,No,Germany,Telecoms,56.5,22704275,5923571,90,45,2013
559,Ultra Premium Direct,Yes,No,France,Agricultural Commodities,56.49,20779890,5422583,81,29,2013
560,AFR-IX telecom,Yes,Yes,Spain,Telecoms,56.46,9933867,2593649,24,12,2013
561,Blue energy,No,No,Poland,Cyber Security,56.42,4527970,1293181,44,28,2010
562,C’JUSTE PARIS,No,No,France,Retail,56.41,2404398,628388,15,5,2013
563,SOS-accessoire,No,No,France,Ecommerce,56.29,14690408,3848262,44,13,2007
564,Hannes König,No,No,Germany,Construction,56.21,8750671,2295632,27,18,2017
565,ZANATTA media group,No,No,Germany,Advertising,56.13,8383859,2202906,9,6,2007
566,Wastepack,No,No,UK,Waste management & recycling,56.1,22373295,5924389,20,18,1997
567,Radar Consulting Italia,No,No,Italy,Support Services,55.92,1580450,416960,17,7,2010
568,Agriconomie,Yes,Yes,France,Agricultural Commodities,55.86,37248117,9838779,53,32,2014
569,AnyTech365,Yes,Yes,Spain,Technology,55.49,18743704,4985758,364,187,2014
570,Cladspray Solutions,No,No,UK,Construction,55.48,1863819,499484,12,4,2013
571,iM Global Partner,No,No,France,Financial Services,55.35,31463692,8392541,50,10,2015
572,Confinvest,No,No,Italy,Precious metals,55.3,41130000,10982110,6,2,1983
573,Ethic Technology,Yes,Yes,France,Technology,55.24,8340824,2229273,3,2,2012
574,Bomax,Yes,No,Italy,Telecoms,55.15,71290680,19088830,7,6,2001
575,KK-Trade,No,No,Germany,Retail,55.1,4383254,1174770,15,4,2017
576,Marsapet,No,No,Germany,Retail,55.09,3960200,1061642,26,4,2015
577,Gruppo Tera,Yes,No,Italy,Ecommerce,55.02,20222750,5428300,16,8,2015
578,CodicePlastico,No,No,Italy,Technology,54.97,3068430,824450,14,7,2009
579,Tremend,No,Yes,Romania,Technology,54.96,20679155,5772716,426,185,2005
580,Doofinder,No,No,Spain,Technology,54.94,6590434,1771758,61,17,2010
581,Hostinger,Yes,Yes,Lithuania,Technology,54.92,25860664,6955394,780,80,2004
582,Catalyx,Yes,Yes,Switzerland,Sales & Marketing,54.9,6540543,1627160,39,9,2013
583,Harness Code,No,No,Bulgaria,Sales & Marketing,54.78,2223308,599612,9,6,2016
584,Nanoprom Chemicals,No,No,Italy,Chemicals & Pharmaceuticals,54.76,2779910,749940,17,5,2014
585,Elite,No,Yes,Spain,Construction,54.72,10060550,2716240,49,27,2012
586,AppUnite,Yes,Yes,Poland,Technology,54.53,4424063,1310532,119,26,2012
587,Eskalia et Nakupenda,No,No,France,Retail,54.52,1515414,410775,7,2,2006
588,LGX Logistics,No,No,Germany,Transport,54.42,8070059,2191733,12,3,2006
589,Polipop,No,No,Portugal,Industrial Goods,54.41,3351671,910392,22,11,2015
590,StampaSi,No,No,Italy,Ecommerce,54.4,2543820,691110,10,1,2016
591,CAM,No,No,Italy,Industrial Goods,54.4,12280490,3336600,67,45,1984
592,Plug In Digital,Yes,Yes,France,Media,54.35,13767602,3743740,37,12,2012
593,Predica,No,No,Poland,Technology,54.29,17589082,5233937,241,82,2009
594,Ocean Transport,No,No,Spain,Transport,54.23,4783846,1304073,19,2,2009
595,Serinus,No,No,UK,Energy,54.08,19651446,5474802,75,103,1997
596,DEMV Deutscher Maklerverbund,Yes,No,Germany,Financial Services,53.87,5012841,1375943,50,20,2009
597,STI Norland,Yes,No,Spain,Energy,53.74,199822150,54990779,221,53,1996
598,HD Elektrotechnik,Yes,No,Germany,Technology,53.73,4207672,1158042,76,27,2011
599,Engenie Group,No,No,Italy,Technology,53.63,2025040,558480,9,1,2017
600,Groupe N.A.T,Yes,No,France,Support Services,53.46,4180122,1156596,64,25,2016
601,La Sarraz Pictures,No,No,Italy,Media,53.39,1513710,419430,5,2,2015
602,Smart-Planet,No,No,Germany,Retail,53.29,4598207,1276483,9,5,2016
603,Sidea Group,Yes,No,Italy,Management Consulting,53.29,2429590,674560,49,8,2015
604,COUTEAUJAPONAIS.COM,No,No,France,Retail,53.24,4579102,1272558,17,5,2004
605,PHYSIDIA,Yes,No,France,Health,53.21,16746545,4656191,58,20,2010
606,Horando Deutschland,No,Yes,Germany,Retail,53.17,8111269,2257390,3,2,2013
607,"Diablochairs, Jan Nowak",Yes,Yes,Poland,Ecommerce,53.14,21520495,6549376,79,22,2004
608,Parkster,Yes,Yes,Sweden,Technology,53.11,55139984,15711602,28,16,2011
609,BIOTYFULL,Yes,No,France,Ecommerce,53.1,20248436,5642145,13,5,2015
610,Bioksan,Yes,No,Spain,Food & Beverage,53.02,5914732,1650756,51,14,2014
611,Trippel,No,No,Norway,Support Services,52.98,3057807,910070,118,37,1999
612,Yourparkingspace Limited,Yes,Yes,UK,Technology,52.92,13863431,3904618,32,15,2013
613,Carslift,No,No,France,Automobiles,52.89,2226659,622989,35,1,2012
614,Zimmerei Nordmann,No,No,Germany,Construction,52.89,2074577,580537,11,5,2009
615,SI Silicone Innovation,Yes,No,Germany,Industrial Goods,52.88,3640511,1018843,40,20,2015
616,A.U.E. Genc Warenhandels-UG,Yes,Yes,Germany,Retail,52.82,19890000,5573000,12,8,2010
617,MGvision,No,No,Italy,Advertising,52.66,4010560,1127170,18,10,2010
618,New General Service,Yes,No,Italy,Support Services,52.56,1539360,433540,26,13,2015
619,ANDRE RENOVATION,No,No,France,Construction,52.54,11594389,3266703,41,15,2010
620,M.D.G. Components Unipersonale,No,No,Italy,Industrial Goods,52.46,2283970,644440,14,10,2017
621,Amco-Bulgaria,Yes,No,Bulgaria,Retail,52.43,6298606,1778274,22,5,2011
622,Symprove,Yes,No,UK,Personal & Household Goods,52.42,12298843,3498275,39,16,2005
623,Tecknuovo,No,No,UK,Technology,52.39,26273556,7477852,22,10,2015
624,Platform.sh,No,No,France,Technology,52.36,22077678,6242232,217,62,2010
625,ISG Express Logistik,Yes,No,Germany,Transport,52.36,5822692,1646307,46,5,2011
626,Manelli Impresa,Yes,No,Italy,Construction,52.36,43355980,12259540,173,55,2008
627,SA Formação,Yes,Yes,Portugal,Education,52.34,3647652,1031733,53,22,2009
628,SM SektManufaktur,No,No,Germany,Industrial Goods,52.31,2408586,681652,14,3,2015
629,Beauty Consult Deutschland,No,No,Germany,Health,52.28,3725665,1055100,31,8,2011
630,Finauto,No,No,Italy,Automobiles,52.1,11789870,3350270,8,5,1977
631,AuCOFFRE.com,No,No,France,Financial Services,52.07,114037838,32428296,21,18,2009
632,Divido,Yes,No,UK,Fintech,52.06,3786036,1084616,46,37,2014
633,R&K Ingenieure,No,No,Germany,Construction,52.05,5210500,1482100,17,6,2016
634,Nephos Technologies,Yes,No,UK,Technology,52.04,17559447,5031697,25,11,2011
635,La Vida,Yes,Yes,UK,Support Services,51.84,7572128,2178629,15,8,2002
636,Midstream Lighting,No,Yes,UK,Technology,51.78,8204844,2363526,12,4,2012
637,PROPULSE IT,Yes,Yes,France,Technology,51.77,6326861,1809858,2,2,2014
638,Additius Santa Maria,No,No,Spain,Agricultural Commodities,51.68,31757362,9100083,30,25,2012
639,CONEXIO TELECOM,No,No,France,Telecoms,51.67,1908640,547084,15,3,2017
640,Tripin,No,No,Germany,Retail,51.6,5465080,1568506,9,5,2012
641,Continental Wood Kft.,No,Yes,Hungary,Industrial Goods,51.43,2724073,910973,9,4,1996
642,GeoTeam,No,No,Italy,Energy,51.42,7623730,2195780,120,71,2008
643,Leascorp,No,No,France,Financial Services,51.4,18481247,5325214,7,4,2014
644,Positive Healthcare,No,No,UK,Management Consulting,51.38,6731831,1954609,19,3,2014
645,Ralph Schmolke,No,No,Germany,Retail,51.34,2281929,658317,8,4,2010
646,Roomie Milano,No,No,Italy,Property,51.17,3728920,1079340,10,2,2016
647,Trencadis Corp,Yes,No,Romania,Technology,51.17,20410511,6137755,89,40,2007
648,WORTEKS,No,No,France,Technology,51.17,1870845,541582,11,4,2016
649,REMOVE,Yes,No,France,Construction,51.05,8988475,2608093,74,27,2015
650,Citadelo,No,No,Czech Republic,Cyber Security,50.95,1556521,452557,27,15,2006
651,Grill Autoservice,No,No,Germany,Automobiles,50.86,18141216,5283415,26,13,2017
652,Inbrooll,No,No,Spain,Industrial Goods,50.82,2663110,776268,15,8,2013
653,Cross,Yes,No,Germany,Retail,50.75,88590000,25858983,4,3,2010
654,B1gas S.p.A,Yes,No,Italy,Energy,50.75,41474660,12106480,6,2,2010
655,Filva,No,No,Italy,Construction,50.69,6188900,1808710,10,8,2009
656,Archingest,Yes,No,Italy,Construction,50.56,3515000,1030000,6,2,2005
657,Alpha FX Group,No,Yes,UK,Financial Services,50.55,51640733,15241075,124,51,2009
658,lemonads,Yes,No,Switzerland,Advertising,50.53,4952255,1451770,50,7,2012
659,Signicat,Yes,No,Norway,Technology,50.43,42514150,13309441,213,71,2007
660,Alfred Döpker,No,No,Germany,Construction,50.42,77358225,22730529,55,41,1965
661,Bavaria-Ei,No,No,Germany,Retail,50.38,13067279,3842670,88,42,2001
662,Oxylabs.io,No,No,Lithuania,Technology,50.26,25040954,7381686,245,57,2015
663,A.S.H. Automobile,Yes,No,Germany,Automobiles,50.25,2333452,687958,5,2,2014
664,Vascular,No,No,Hungary,Health,50.13,29099679,9987236,57,18,2007
665,ANDJARO,No,No,France,Support Services,50.07,3189298,943718,57,30,2015
666,Röhrtaler Wertstoff,No,No,Germany,Waste management & recycling,50.01,3286187,973460,34,22,2013
667,Autel Karnetic,No,No,UK,Technology,49.99,8520830,2543343,7,6,2016
668,Discoup.com,No,No,Italy,Advertising,49.86,2075110,616520,10,8,2013
669,Hellas Direct,Yes,No,Cyprus,Insurance,49.86,34488971,10247832,85,52,2011
670,HERRLES,Yes,No,Germany,Automobiles,49.85,10242075,3044054,45,30,2009
671,Investmentpunk Academy,No,No,Austria,Education,49.73,3179000,947000,12,6,2016
672,Born Stahlbau,No,Yes,Germany,Industrial Goods,49.64,4527093,1351164,13,6,2015
673,RETTEL Projektbau,Yes,No,Germany,Construction,49.62,8073458,2410212,7,5,2016
674,Suntronic,No,No,Italy,Energy,49.61,2347320,700960,4,2,2005
675,TMT,Yes,Yes,Italy,Industrial Goods,49.6,12763524,3811838,42,6,2014
676,Gedankenburg,No,No,Germany,Advertising,49.59,2950010,881275,5,2,2015
677,SVOP Special Vehicle Operation,No,No,Sweden,Automobiles,49.49,4526309,1385662,16,6,2013
678,Glenholme Healthcare Group,No,No,UK,Health,49.48,14845073,4476517,415,132,2011
679,AUDENSIEL,Yes,Yes,France,Technology,49.47,57451279,17203160,720,230,2013
680,Ivnosys,No,No,Spain,Technology,49.47,8743069,2618069,106,34,2011
681,Mulconsa,No,No,Spain,Construction,49.46,6687402,2002982,45,30,2012
682,50NRTH,No,No,Germany,Retail,49.44,35107348,10518963,54,14,2004
683,Delecto,No,No,Croatia,Retail,49.43,2649288,793957,10,6,2008
684,Mardruk Opakowania,No,No,Poland,Industrial Goods,49.38,3226645,1058063,47,7,2015
685,MANANG,No,No,France,Construction,49.36,6205559,1862272,40,15,2012
686,bestbion dx,No,No,Germany,Health,49.36,14863628,4461170,27,21,2011
687,Avamore Capital,No,No,UK,Financial Services,49.27,2552248,772943,21,7,2015
688,Solaris and more,No,No,Germany,Energy,49.14,4692660,1414501,30,13,2011
689,Clearcycle,No,No,UK,Retail,49.14,2176368,660767,11,8,2015
690,Opteamis,Yes,Yes,France,Support Services,49.1,13856500,4180523,35,12,2005
691,Codenor,No,No,Spain,Construction,49.08,6385196,1926967,20,10,2010
692,HAPPYBULLE,Yes,No,France,Ecommerce,49.05,4209975,1271353,18,8,2015
693,Aurora Energy Research,No,No,UK,Energy,49.04,15079425,4587687,158,46,2013
694,Bacci,No,No,Spain,Fashion,49.03,24048302,7265350,14,19,2003
695,Emilia Foods,Yes,Yes,Italy,Food & Beverage,48.99,26824140,8110160,25,8,2013
696,T.E.A.M. - Ti educa a migliorare,No,No,Italy,Health,48.91,3370490,1020690,211,82,2001
697,Brainhub,Yes,No,Poland,Technology,48.9,3513741,1163241,75,30,2016
698,Assitech,Yes,No,Italy,Construction,48.89,2675750,810750,9,10,2016
699,Schott Packaging,No,No,UK,Ecommerce,48.82,2272847,694501,11,4,2016
700,Alba,Yes,No,Italy,Energy,48.78,3299330,1001740,30,12,2010
701,FinTrU,Yes,No,UK,Financial Services,48.73,32392546,9915609,740,219,2013
702,Global Edilizia,No,No,Italy,Construction,48.66,4028000,1226000,5,4,2011
703,TPXimpact,No,No,UK,Management Consulting,48.62,57093437,17515305,381,2,2016
704,LGS SportLab,No,No,Italy,Advertising,48.62,4014220,1222870,9,6,2010
705,Weiser Brandschutz & Technik,Yes,No,Germany,Construction,48.56,5986199,1825769,45,4,2005
706,Fairfax and Favor,No,No,UK,Fashion,48.4,18178322,5602279,47,13,2013
707,FAO Consulting,No,No,France,Technology,48.34,7781600,2384156,85,39,2014
708,Gruppo Del Barba Consulting,Yes,Yes,Italy,Financial Services,48.33,5855040,1794120,37,8,2010
709,Exclaimer,Yes,Yes,UK,Technology,48.28,26143857,8075796,109,62,2003
710,Join Business Management Consulting,Yes,No,Italy,Management Consulting,48.23,10189790,3128700,77,25,2013
711,Vennes,No,No,Germany,Construction,48.14,17048000,5244000,57,27,2003
712,Piggy,No,No,The Netherlands,Technology,48.13,2946126,906341,31,7,2013
713,Epassi,No,No,Finland,Fintech,48.1,205312456,63207258,130,40,2007
714,Atheneum Partners,Yes,Yes,Germany,Technology,48.01,33400000,10300000,315,150,2010
715,Pharmacy2U,Yes,No,UK,Technology,47.96,156232906,48580102,454,211,1999
716,PHOENIX DEVELOPPEMENT,No,No,France,Support Services,47.85,1797294,556159,18,6,2011
717,Wiwie Transport,No,No,Germany,Transport,47.83,4200000,1300000,25,10,2016
718,Mevas Auto Center,No,No,Romania,Automobiles,47.81,2595034,834708,31,23,2003
719,BK Beachhouse Mode,Yes,No,Germany,Retail,47.79,5172479,1602458,35,21,2015
720,F.lli Urso,No,No,Italy,Construction,47.76,2009090,622800,9,3,2015
721,GoHenry,Yes,Yes,UK,Financial Services,47.7,22020382,6882489,166,61,2011
722,Adrilog,Yes,No,Italy,Transport,47.64,57057180,17727950,816,634,2014
723,Attachment,Yes,Yes,UK,Advertising,47.63,7191249,2250946,6,2,2015
724,PARIS HERBES,Yes,No,France,Agricultural Commodities,47.63,12934943,4020469,25,15,2015
725,Interlog Logistic,No,No,France,Transport,47.62,5480946,1703819,28,37,2015
726,Conglomerati Bituminosi,Yes,No,Italy,Construction,47.53,33371870,10393680,75,34,1975
727,Nikkel Art,No,No,Belgium,Ecommerce,47.49,3762160,1172617,26,5,2010
728,Esyen,No,No,Italy,Technology,47.45,3868940,1206770,25,9,2011
729,Sav-eco Packaging Ltd,No,No,UK,Industrial Goods,47.4,16923940,5322238,165,104,2014
730,Elmar Mair Tiefbau,No,No,Germany,Construction,47.36,2302685,719638,19,8,2016
731,ATLAS Innovative Engineering,No,No,Spain,Energy,47.26,3495981,1094666,15,12,2014
732,SECURE-IC,No,No,France,Technology,47.26,6934182,2171492,76,48,2010
733,DATALYO,No,No,France,Technology,47.18,3544255,1111687,36,16,2014
734,Signify Technology,No,No,UK,Management Consulting,47.17,2547992,805029,29,14,2016
735,BOXT,No,No,UK,Ecommerce,47.16,38373430,12127395,59,20,2017
736,James and James Fulfilment,No,No,UK,Ecommerce,47.16,30887883,9762332,158,55,2010
737,Armonie,No,No,Italy,Food & Beverage,47.16,2803150,879670,9,5,2014
738,Maverick Group,No,No,Italy,Technology,46.94,5313290,1674690,5,1,2017
739,Brainpull,No,No,Italy,Advertising,46.93,4264120,1344240,29,10,2012
740,Wiseband,No,No,France,Media,46.91,1636674,516164,15,4,2014
741,Groupe Ezdo La Boulangerie Des Gourmets,Yes,No,France,Agricultural Commodities,46.89,40777823,12867410,15,4,2013
742,Pakar Service,Yes,No,Poland,Support Services,46.77,9729642,3363800,396,257,2010
743,BIO-UV,No,No,France,Industrial Goods,46.75,32175000,10181000,117,62,2000
744,F.G. Service,No,No,Italy,Construction,46.67,2554140,809450,14,2,2015
745,Allways Logistics System,Yes,No,Italy,Transport,46.66,9569120,3033150,125,2,2012
746,Matsmart,Yes,Yes,Sweden,Ecommerce,46.65,49576899,16075963,164,75,2013
747,autargo,No,No,Germany,Construction,46.64,1807173,573070,5,2,2016
748,Brewshop.no,Yes,No,Norway,Food & Beverage,46.63,4392988,1484883,9,7,2015
749,Visualitics,No,No,Italy,Technology,46.63,2131000,676000,15,3,2016
750,HiFi extra,No,No,Germany,Retail,46.61,49190436,15610826,32,14,2016
751,Ankerkraut,Yes,Yes,Germany,Food & Beverage,46.5,26010474,8271702,150,70,2013
752,GDA,No,No,Italy,Fashion,46.37,20745690,6615000,205,98,2008
753,Nexid,No,No,Italy,Technology,46.36,2696270,859960,25,9,2006
754,GS Studio & Service,No,No,Italy,Energy,46.32,2087000,666210,16,7,2013
755,Neosperience,No,No,Italy,Technology,46.28,16367000,5229000,160,60,2006
756,Lunos,No,No,Slovenia,Technology,46.26,6356404,2031522,16,11,2010
757,Meic Costruzioni,No,No,Italy,Construction,46.26,10456300,3342120,71,39,2013
758,Trident Lifting Solutions Ltd,No,No,UK,Construction,46.22,15846632,5105700,14,12,2016
759,Smart Battery Solutions,No,No,Germany,Technology,46.22,10203000,3264000,69,28,2010
760,eu-bay Commerce,No,No,Germany,Retail,46.16,8122686,2601485,20,10,2003
761,Jens Rabe Academy,No,No,Germany,Education,46.13,3655345,1171373,20,6,2009
762,Hyperoptic,Yes,No,UK,Telecoms,46.12,57766084,18649681,1251,407,2010
763,SEPALE,No,No,France,Energy,46.02,7879983,2531055,21,2,2009
764,3A Informatica,No,No,Italy,Telecoms,45.92,1970000,633990,33,19,2005
765,EMSPROTO,Yes,No,France,Ecommerce,45.91,3136947,1009846,22,10,2014
766,Laboratoires Dermosun,No,No,France,Chemicals & Pharmaceuticals,45.79,5626849,1815835,13,9,2011
767,Saico,No,No,Italy,Construction,45.71,6737600,2177950,23,13,2013
768,Nutis,Yes,No,Italy,Food & Beverage,45.66,6566530,2124990,19,9,1956
769,Ogrodosfera.pl,Yes,Yes,Poland,Ecommerce,45.61,13256472,4693330,23,12,2011
770,SVTI,Yes,No,France,Industrial Goods,45.58,3981300,1290312,30,17,2010
771,Enhancers,No,No,Italy,Technology,45.53,3352210,1087520,38,13,2011
772,AGRIPOWER FRANCE,No,No,France,Waste management & recycling,45.53,7701275,2498792,16,6,2012
773,Next Turbo Technologies,Yes,No,Italy,Industrial Goods,45.46,9481040,3080610,18,8,2014
774,Velvet Media Italia,Yes,Yes,Italy,Advertising,45.42,5411160,1759490,98,46,2013
775,Booster Box,Yes,No,Italy,Advertising,45.32,2049365,667837,35,9,2016
776,RMF Group,No,No,Slovakia,Food & Beverage,45.32,3289892,1072117,2,3,2014
777,Darwin Group Limited,No,No,UK,Construction,45.24,70393894,23141358,140,89,2005
778,ITFS,Yes,Yes,Poland,Technology,45.2,10446862,3730405,230,90,2012
779,SKILLSDAY,No,Yes,France,Education,45.13,3154795,1031988,25,9,2015
780,Gapps,Yes,No,Finland,Technology,45.1,8707000,2850000,34,23,2010
781,Maxfel,Yes,No,Italy,Interiors,45.09,2201160,720650,15,6,1984
782,Herrero Brigantina,Yes,Yes,Spain,Insurance,44.98,14725853,4832212,55,33,2012
783,Manitech,Yes,No,Italy,Industrial Goods,44.79,3834910,1263420,6,3,2016
784,Tradeco,No,No,Italy,Industrial Goods,44.68,5889890,1944720,16,6,2016
785,MON CHASSEUR IMMO,Yes,No,France,Property,44.6,4794423,1585727,28,13,2012
786,UpSlide,No,Yes,France,Support Services,44.58,8274214,2737704,75,20,2013
787,COGECLIM ENERGIES,Yes,No,France,Construction,44.54,2622506,868406,18,5,2015
788,Cellarius,No,No,Hungary,Sales & Marketing,44.49,2571079,989785,14,10,2004
789,careful-service,No,No,Germany,Health,44.44,3537769,1173908,141,75,2014
790,Softneta,No,No,Lithuania,Health,44.4,1778249,590642,30,24,2007
791,Progeny,No,No,UK,Financial Services,44.33,16601337,5561585,161,64,2016
792,Web Geo Services,No,No,France,Technology,44.32,24114000,8022358,57,29,2009
793,Spedition Ibov,No,No,Germany,Transport,44.29,3424863,1140000,30,10,2013
794,MyPostcard.com,Yes,Yes,Germany,Retail,44.23,6358307,2119022,25,21,2014
795,VARIOSAN,No,No,Germany,Retail,44.19,3233968,1078808,3,2,2013
796,Riedle + Bertsch,No,No,Germany,Technology,44.18,2331579,777849,36,8,2013
797,Mobili Fiver,No,No,Italy,Interiors,44.13,11897820,3973460,50,23,1999
798,KLC DESAMIANTAGE,No,No,France,Construction,44.12,6182419,2065220,46,11,2015
799,SECRET ARTS OF SPIRITS,Yes,Yes,France,Retail,44.1,3308224,1105569,6,3,2014
800,MPB Group Limited,Yes,No,UK,Ecommerce,44.05,72503245,24429686,184,68,2011
801,3zehn Auto Discount,Yes,No,Germany,Automobiles,43.97,25448057,8527777,12,5,2016
802,ADIKTEEV,No,No,France,Technology,43.95,45616000,15292051,67,50,2012
803,Fundis Reitsport,No,No,Germany,Retail,43.92,7066208,2370645,50,3,2009
804,Antriebstechnik Ebner-Seibold,No,No,Germany,Retail,43.91,2245423,753352,17,9,2009
805,Invibes Advertising,No,Yes,Belgium,Technology,43.76,11530000,3880663,102,30,2011
806,Jointly il welfare condiviso,No,No,Italy,Support Services,43.72,2400550,808700,34,18,2014
807,ABTOT Mark & Anläggning AB,Yes,No,Sweden,Construction,43.57,9983094,3450305,23,10,2012
808,DUSAPRO Immobilien,Yes,Yes,Germany,Property,43.45,33903865,11484801,36,10,2012
809,SOLDATS FILMS,No,No,France,Media,43.39,2320653,787160,8,4,2012
810,Eagleprojects,No,No,Italy,Telecoms,43.37,15140480,5137900,287,120,2016
811,Agile Lab,Yes,No,Italy,Technology,43.35,5590450,1897650,43,15,2013
812,importpris.no,No,No,Norway,Ecommerce,43.32,3113197,1126971,8,4,2012
813,truu,Yes,Yes,Germany,Industrial Goods,43.22,12472561,4245861,72,18,2011
814,L’Atelier,No,No,France,Technology,43.17,4288024,1461226,15,5,2016
815,frigoclim Kälte-Klima,Yes,No,Germany,Construction,43.16,3890690,1326082,22,7,2014
816,M Coffee Company,No,No,Germany,Retail,43.09,2117442,722795,5,3,2013
817,PROTEXTYL,No,No,France,Retail,43.07,5324116,1818032,22,12,2011
818,SP architecte,No,No,France,Construction,43.07,2825876,964998,18,14,2009
819,Embargos a lo bestia,No,No,Spain,Retail,43.03,22559217,7709375,178,54,2011
820,Snigel,Yes,No,Ireland,Technology,43.02,20479764,7000063,3,2,2011
821,IMS Rettungsdienst,No,No,Germany,Health,42.98,1900000,650000,120,5,2006
822,Way2Global SB,No,No,Italy,Support Services,42.76,2411600,828820,16,1,2017
823,Media Access Solutions,No,No,UK,Support Services,42.68,3407930,1181642,33,3,2014
824,Exadi,No,No,Spain,Sales and Marketing,42.65,42525086,14649568,44,21,2008
825,Fiber-Service-Gesellschaft,No,No,Germany,Telecoms,42.63,4049655,1395607,29,10,2014
826,TenderHut (Group),Yes,Yes,Poland,Technology,42.61,10264611,3868483,280,140,2010
827,Worldwide Fishing Company,Yes,No,Spain,Food & Beverage,42.58,140442673,48449141,30,12,2016
828,Doctor Hail spa,Yes,No,Italy,Automobiles,42.57,18101114,6246592,43,26,2013
829,KBS Group,Yes,Yes,Germany,Support Services,42.55,42006000,14500000,1500,650,2011
830,Terre Ehitus,No,No,Estonia,Construction,42.43,2089215,723064,12,5,2017
831,Bauer Energiekonzepte,Yes,Yes,Germany,Energy,42.36,36223730,12554325,19,7,2013
832,New Euroart,No,No,Italy,Construction,42.36,9307640,3226280,77,26,2001
833,Capelli For You,No,No,Italy,Beauty,42.34,1658750,575120,16,8,2015
834,Ogury,Yes,Yes,UK,Advertising,42.33,108758853,37992902,371,133,2014
835,TFT Ernst,No,No,Germany,Construction,42.31,2012427,698300,17,7,2017
836,Somerford Associates,No,No,UK,Technology,42.24,18757685,6564162,55,31,2001
837,ARCADIA Investment,Yes,Yes,Germany,Property,42.19,8102218,2818652,38,12,2012
838,FiloBlu,Yes,Yes,Italy,Management Consulting,42.13,55564420,19351090,186,112,2009
839,Tribus Digital,No,No,UK,Technology,42.09,1952800,685567,21,8,2016
840,DoIT,Yes,No,Italy,Technology,42.08,3040000,1060000,35,20,2014
841,Global Perspectives,Yes,No,UK,Health,42.06,6631496,2329522,23,8,2009
842,Pirene,No,No,Italy,Support Services,42.04,1512680,527910,25,8,1999
843,iPulse,Yes,No,UK,Personal & Household Goods,41.99,105149602,36995102,183,39,2012
844,blue networks,No,No,Germany,Technology,41.84,6626713,2322241,47,23,2002
845,N. Schwegler,No,Yes,Germany,Construction,41.82,10514000,3686000,35,20,2009
846,Marcus Lutz Bau,No,No,Germany,Construction,41.66,1874438,659402,15,7,2002
847,HKR-Technik,No,No,Germany,Retail,41.64,6996880,2462478,4,3,2008
848,Licht + Strom,Yes,No,Germany,Technology,41.54,4039340,1424633,30,18,2007
849,Die Autowelt,Yes,No,Germany,Automobiles,41.49,16754654,5915499,40,15,2009
850,ARTHEAU AVIATION,No,No,France,Aerospace & Defence,41.48,11263318,3977562,9,4,2012
851,Cepo,No,No,Italy,Industrial Goods,41.42,4503670,1592170,22,13,2000
852,Sneakers & Jackets,Yes,Yes,France,Financial Services,41.35,2888273,1022714,2,1,2013
853,89up,No,No,UK,Advertising,41.35,1814237,647020,26,11,2009
854,LUXURY & PERFORMANCE SELECTION,No,No,France,Automobiles,41.35,6444045,2281929,4,10,2016
855,Grayce Group,No,No,UK,Management Consulting,41.34,17890928,6381674,395,117,2012
856,Nemesi Italia,No,No,Italy,Technology,41.28,1640000,581520,4,1,1993
857,Halo Service Solutions,No,No,UK,Technology,41.28,5037087,1799189,40,12,1994
858,Raspberry Pi,No,No,UK,Technology,41.16,80066074,28668484,73,36,2012
859,Giopato & Coombes,Yes,No,Italy,Interiors,41.16,5467910,1944000,17,8,2010
860,Ship it,No,No,Germany,Retail,41.1,3391041,1207009,8,4,2016
861,Rheinische Scheidestätte,No,No,Germany,Retail,41.1,83044963,29564866,47,19,2012
862,Whites Agency,No,No,Poland,Advertising,41.09,4076348,1586246,90,34,2011
863,Casa di Riposo Medicalizzata Sempione*,No,No,Italy,Health,41.06,2436000,867960,38,1,2017
864,CShark,Yes,Yes,Poland,Technology,41.04,11828515,4608343,269,135,2014
865,Zinox Laser,Yes,No,Italy,Interiors,41.02,6364000,2269510,47,30,2015
866,Tera Automation,No,No,Italy,Industrial Goods,41.01,4987860,1778890,20,14,2013
867,Innova Hts,No,No,Italy,Health,40.98,8792400,3137630,16,12,2014
868,Kentigen,No,No,Czech Republic,Technology,40.91,1507867,554004,20,8,2013
869,Teal Partners,No,No,Belgium,Technology,40.84,3873750,1386701,23,13,2015
870,LM Medical Division,No,No,Italy,Health,40.82,11281040,4040060,47,16,2010
871,BEC,No,No,Germany,Technology,40.81,7843183,2809036,47,25,2003
872,Xylon,No,No,Croatia,Technology,40.77,4491888,1610149,81,41,1995
873,Spedition Kai Rindert,No,No,Germany,Transport,40.7,3018684,1083821,9,2,2017
874,CO.GE.SA. Costruzioni Generali Saba,No,No,Italy,Construction,40.63,3453730,1241760,22,16,2009
875,Skärgårdstunnan/Skargards,No,No,Sweden,Ecommerce,40.62,15082088,5547537,20,13,2010
876,Autonova Milano,No,No,Italy,Automobiles,40.5,2790680,1006280,14,1,2015
877,Polarstern,No,No,Germany,Energy,40.45,30270074,10925375,40,25,2011
878,halsdorfer + ingenieure projekt,No,Yes,Germany,Property,40.43,31038460,11207566,15,5,2013
879,OPNA,Yes,No,France,Support Services,40.36,2317903,838200,23,9,2015
880,Stikets,Yes,Yes,Spain,Ecommerce,40.32,9318626,3372820,39,25,2010
881,CampuStore,No,No,Italy,Education,40.23,34410600,12479120,18,18,1994
882,Ars Futura,No,No,Croatia,Technology,40.22,1580154,574487,27,14,2013
883,Cemir Security,Yes,No,Italy,Support Services,40.21,2835330,1028730,116,64,2015
884,Borgy CZ,No,No,Czech Republic,Personal & Household Goods,40.2,22419033,8362568,60,40,2009
885,Groupe Zephyr,No,No,France,Health,40.15,16264645,5908517,600,190,2007
886,Dernier Cri,No,No,France,Technology,40.11,3956061,1438184,57,25,2015
887,yes!devs,No,No,Germany,Technology,40.1,2200000,800000,37,10,2016
888,Hydroflex Group,No,Yes,Germany,Retail,40.1,13166000,4788000,36,19,2009
889,Proteko Service,No,No,Italy,Support Services,40.04,5502450,2003540,31,7,2016
890,MiniCRM,No,No,Hungary,Technology,40.03,2232347,944107,26,26,2012
891,CNQ Consorzio Nazionale Qualità,No,No,Italy,Waste management & recycling,40.03,2151050,783460,39,13,2001
892,Accolade,No,Yes,Czech Republic,Property,39.98,83981636,31477723,30,10,2010
893,Panel Sandwich,No,No,Spain,Construction,39.93,9637845,3517519,27,9,2009
894,SYMBIOSE Informatique,No,No,France,Technology,39.93,33080096,12074454,32,28,1991
895,G.Engineering,Yes,No,Italy,Industrial Goods,39.92,16504780,6024830,51,24,2012
896,I-PARTICULIERS,No,No,France,Property,39.84,4071600,1488875,200,50,2011
897,Henco,No,No,Germany,Retail,39.82,6970679,2550263,48,25,2012
898,Giglio.com,No,Yes,Italy,Ecommerce,39.78,25355630,9283620,53,25,2007
899,Alphaspel,No,No,Sweden,Retail,39.76,4535769,1699234,16,5,2013
900,Sapiegos Klinika,No,No,Lithuania,Health,39.67,1578677,579436,24,14,2014
901,OpenCorporates,No,No,UK,Technology,39.62,2730677,1010498,25,9,2010
902,BE CLOUD,No,Yes,France,Support Services,39.61,10371094,3811605,49,22,2012
903,Drukarnia piga.pl,Yes,Yes,Poland,Ecommerce,39.59,4064038,1632988,130,60,2014
904,groupe mister menuiserie,No,No,France,Ecommerce,39.59,68009314,25003047,227,84,2010
905,Insetto,No,No,Germany,Retail,39.57,6010130,2210651,79,51,1999
906,Technophage,No,No,Portugal,Pharmaceuticals,39.54,2237180,823381,13,9,2005
907,skalis portage salarial,No,Yes,France,Support Services,39.44,6202068,2287420,68,25,2008
908,peoplegrapher,Yes,No,Germany,Advertising,39.4,3561298,1314806,11,5,2016
909,Reveg Fruit,Yes,No,Italy,Food & Beverage,39.39,2356570,870070,4,2,2016
910,Sciant,Yes,No,Bulgaria,Technology,39.39,3192139,1178653,79,39,2016
911,Boender & Beutel,No,No,Germany,Industrial Goods,39.36,14550131,5376347,130,50,2012
912,EKINOPS,No,No,France,Telecoms,39.36,92800000,34291000,456,419,2003
913,Sano-Técnica,No,No,Portugal,Health,39.34,4972658,1838120,13,12,1938
914,möbelando,No,Yes,Germany,Retail,39.34,16692390,6170577,24,16,2013
915,Democom,Yes,Yes,Italy,Telecoms,39.31,3347950,1238210,37,12,2011
916,Erbagil,No,No,Italy,Pharmaceuticals,39.22,4021010,1490280,11,3,2009
917,Axopar Boats,Yes,Yes,Finland,Travel & Leisure,39.13,78765693,29247774,32,9,2014
918,Advanced Composites Solutions,No,No,Italy,Automobiles,39.05,5393690,2006100,54,11,2012
919,Spartivento Yachts & Charter,No,No,Italy,Travel & Leisure,39.04,5194630,1932580,34,12,2000
920,Seargin,Yes,Yes,Poland,Technology,39.02,18624755,7576080,64,39,2014
921,TTP HOLDING,No,No,Germany,Support Services,39.02,37607000,13997000,32,28,2009
922,Sweef furniture,No,No,Sweden,Retail,39,9506903,3620585,14,5,2011
923,SONIC Tanácsadó és Szolgáltató Kft,No,No,Hungary,Technology,38.99,4646080,2009719,10,5,2008
924,spotit,No,No,Belgium,Cyber Security,38.91,20387729,7606472,71,30,2014
925,LABEL EXPERIENCE,Yes,No,France,Financial Services,38.91,1756470,655366,27,11,2016
926,LMM Logistics,Yes,No,Italy,Transport,38.88,14113040,5268390,724,2,2015
927,Medicalfit,No,No,Spain,Health,38.86,2378517,888395,35,15,2008
928,Nuova MG,No,No,Italy,Industrial Goods,38.83,2126840,794770,26,23,2017
929,innov and co handicap,No,No,France,Technology,38.83,1879824,702609,30,7,2016
930,Alma Entreprise,No,No,France,Construction,38.82,13438347,5023015,31,33,2003
931,Radit,No,No,Italy,Support Services,38.78,1879520,703190,15,8,2016
932,REGIONAL EXPRESS,No,Yes,France,Transport,38.74,22841800,8552857,220,80,2013
933,Aravati,Yes,No,France,Support Services,38.69,6671500,2500644,59,26,2004
934,Pöhner Hamburg,No,No,Germany,Retail,38.67,15603000,5851000,7,4,2013
935,Schreinerei Huber,No,No,Germany,Construction,38.65,2629044,986286,21,18,2010
936,ISR,No,No,France,Technology,38.62,4637943,1741112,12,12,1996
937,Kinga Mathe,Yes,No,Germany,Retail,38.59,1800494,676431,5,2,2008
938,Rivile,No,No,Lithuania,Technology,38.58,3905042,1467195,24,20,1992
939,MaGarantie5ans,Yes,No,France,Retail,38.57,9253546,3477788,20,8,2016
940,BEBEBOUTIK,No,No,France,Retail,38.51,29080296,10944325,98,36,2012
941,Radar Cyber Security,No,Yes,Austria,Technology,38.46,12727043,4794822,122,88,2011
942,CLAIR GROUP,Yes,Yes,France,Aerospace & Defence,38.44,38960985,14683064,121,49,2004
943,Appsfactory,Yes,No,Germany,Technology,38.43,18044631,6801966,221,105,2009
944,Stiltz Homelifts,No,Yes,UK,Interiors,38.37,36960953,14051407,250,142,2010
945,Star Stone,Yes,No,Romania,Construction,38.35,4409476,1729707,105,48,2012
946,Coptrz,No,No,UK,Aerospace & Defence,38.34,6297471,2395445,22,10,2016
947,Nurole,No,Yes,UK,Technology,38.34,3249493,1236098,35,15,2014
948,ABAO Energy,Yes,No,Germany,Construction,38.28,2406917,910386,15,10,2016
949,Welol Next,No,No,Italy,Technology,38.2,2685440,1017320,32,16,2011
950,Intent HQ,No,No,UK,Technology,38.2,5762891,2199126,75,22,2010
951,Café du Cycliste,No,Yes,France,Ecommerce,38.11,7445865,2826571,20,14,2009
952,LANGER Lüftungs- und Klimaanlagen,No,No,Germany,Construction,38.11,4609256,1749794,8,5,2016
953,Formind,Yes,Yes,France,Cyber Security,38.08,16845354,6398583,130,60,2010
954,Oasis Smart SIM Europe**,No,No,France,Telecoms,37.97,3065165,1167000,20,4,2010
955,Aferetica,Yes,No,Italy,Health,37.95,6376910,2429230,13,9,2013
956,Zero,No,No,Italy,Energy,37.95,42000000,16000000,37,15,2014
957,SKILLS,Yes,Yes,France,Support Services,37.89,11650138,4443710,70,20,2011
958,3E Studio,No,No,Italy,Support Services,37.83,2804580,1071090,22,1,2015
959,Pannonia Steel,No,No,Slovakia,Construction,37.82,1768886,675645,5,1,2013
960,Kronos,No,No,Italy,Fashion,37.81,23579000,9009270,21,15,2009
961,LaSaponaria,No,No,Italy,Beauty,37.79,6304690,2409730,22,11,2007
962,Die Wuhlewanderer,Yes,No,Germany,Health,37.78,4970000,1900000,95,50,2013
963,IMINT Vidhance,No,No,Sweden,Technology,37.78,4851538,1897113,27,26,2007
964,Arte e Passione,Yes,No,Italy,Restaurants,37.76,1671730,639410,47,18,2016
965,PAUL MARIUS,No,No,France,Retail,37.75,24869602,9515000,87,29,2011
966,Scalefocus,No,No,Bulgaria,Technology,37.72,33137857,12686177,730,330,2012
967,Whiskyzone,No,Yes,Germany,Retail,37.7,10750866,4117340,16,7,2014
968,Targa Telematics,Yes,No,Italy,Technology,37.67,37386150,14327610,113,63,2002
969,SIAN Wholesale Ltd,No,Yes,UK,Transport,37.51,74719260,28939861,50,23,2003
970,Visage Technologies,Yes,No,Sweden,Technology,37.5,5677639,2233448,104,54,2002
971,Riotloc,No,No,Lithuania,Games industry,37.49,1551468,596906,1,1,2016
972,BullionVault,No,No,UK,Precious metals,37.47,16196046,6278456,34,31,2003
973,3A Antioxidants,No,No,Spain,Chemicals & Pharmaceuticals,37.42,7704000,2968892,23,9,2000
974,on Metall,No,No,Germany,Industrial Goods,37.4,2587718,997518,6,3,2016
975,Scribbr,Yes,Yes,The Netherlands,Education,37.39,8862818,3417536,39,22,2012
976,Selectra,Yes,No,France,Energy,37.3,62951353,24320734,1000,500,2007
977,Energetic,No,No,Italy,Energy,37.26,1711470,661860,13,7,2010
978,Faveod,No,No,France,Support Services,37.22,2598585,1005658,9,7,2007
979,CYE Energia,Yes,Yes,Spain,Energy,37.22,23673728,9161867,15,5,2013
980,Integrata Oy,Yes,No,Finland,Financial Services,37.15,9409000,3647000,105,33,2008
981,Regular Trade,No,No,Germany,Retail,37.13,11671000,4526000,25,15,2010
982,Expleo,No,No,Hungary,Energy,37.12,2696785,900686,15,6,2011
983,Confezioni Velvet,No,No,Italy,Fashion,37.09,3355870,1302640,21,21,2015
984,Activ Bilanz,Yes,No,Germany,Property,37.07,17286985,6712146,10,12,1998
985,Family Nation,No,No,Italy,Ecommerce,37.05,5300370,2059190,12,5,2011
986,Majar – Matzaridis Bros,Yes,No,Greece,Technology,36.99,13224865,5144442,19,13,1994
987,Izertis,Yes,No,Spain,Technology,36.95,50740841,19753150,791,431,1996
988,Fashion Commerce,Yes,No,Italy,Ecommerce,36.88,2349000,916000,5,1,2016
989,Bulk Tainer Logistics Limited,No,No,UK,Transport,36.85,56054130,21717432,105,41,2009
990,Wingeco,No,No,Italy,Industrial Goods,36.75,3407310,1332330,22,12,2016
991,Meblobranie.pl,Yes,Yes,Poland,Ecommerce,36.71,19295429,6909799,25,12,2011
992,Queraltó,No,No,Spain,Ecommerce,36.69,21900903,8575344,67,39,1898
993,Phobos,Yes,No,Slovakia,Automobiles,36.66,3529454,1382844,12,8,1993
994,Archita Engineering,No,No,Italy,Support Services,36.62,2739230,1074130,5,13,2013
995,Celeritas,No,No,Spain,Transport,36.61,58139933,22805398,27,10,2006
996,peopleForecast,No,No,Germany,Technology,36.59,2086411,818658,45,15,2014
997,Digitalpa,No,No,Italy,Management Consulting,36.59,1731340,679440,12,41,2014
998,Faktenkontor,No,No,Germany,Advertising,36.59,30967000,12153143,150,100,2003
999,CLAREO,Yes,Yes,France,Retail,36.58,18854708,7399729,53,13,2012
1000,Laca Trade,Yes,Yes,Italy,Property,36.55,24741510,9717860,5,5,2013
